USE QuanLyCuaHangBanQuanAo;

INSERT INTO LoaiSanPham VALUES ('AT', 'Ao thun')
insert into LoaiSanPham values ('ASM', 'Ao So Mi')
insert into LoaiSanPham values ('QT', 'Quan Tay')
insert into LoaiSanPham values ('QJ', 'Quan Jean')
insert into LoaiSanPham values ('AK', 'Ao Khoac')
insert into LoaiSanPham values ('DSN', 'Dam Sat Nach')
insert into LoaiSanPham values ('DB', 'Dam Baby-doll')
insert into LoaiSanPham values ('DD', 'Dam Dai')
insert into LoaiSanPham values ('QV', 'Quan Vay')
insert into LoaiSanPham values ('QD', 'Quan Dai')
insert into LoaiSanPham values ('QS', 'Quan Short')
insert into LoaiSanPham values ('JS', 'Jumpsuit')
insert into LoaiSanPham values ('VQ', 'Vay quan')
insert into LoaiSanPham values ('CV', 'Chan vay')

INSERT INTO SanPham VALUES
('AT124810101222', 'Ao Thun Co Tron Y Nguyen Ban 18+ Ver87', 'Cotton', 'Co tron Y', 'Nam', 'cai', 'Than thien Tham hut thoat am Mem mai Kiem soat mui Dieu hoa nhiet Hoa tiet in deo phoi le mi tay Nen giat chung voi san pham cung mau Khong dung thuoc tay hoac xa phong co tinh tay manh Nen phoi trong bong ram de giu sp ben mau',
'Yame', 'Viet Nam', 'Y Original', '0287307144', 'cskh@gmail.com', 'images/sanPham/', 'AT', 'NV02390927102022')

INSERT INTO SanPham VALUES
('ASM134810101222', 'Ao So Mi Tay Dai Soi Modal Toi Gian M11', 'Kate', 'Tay dai', 'Nam', 'cai', 'Thanh phan: 12% modal va 88% superfine It nhan va de ui Nhanh kho va thoang mat HDSD: Ao so mi mau phoi trong bong ram de tranh bac mau phan vai ao Ao so mi trang co the phoi ngoai nang de ao trang sang hon ( khong phoi qua lau )',
'Yame', 'Viet Nam', 'Y Original', '0287307144', 'cskh@gmail.com', 'images/sanPham/', 'ASM','NV02390927102022')

INSERT INTO SanPham VALUES
('AT144810101222', 'Ao Thun Co Tru Don Gian Ngan Ha Space Ver17', 'Cotton Compact', 'Co tru', 'Nam', 'cai', 'Chat lieu: Cotton Compact Thanh phan: 100% Cotton Than thien Tham hut thoat am Mem mai Kiem soat mui Dieu hoa nhiet + Hoa tiet In deo + in nuoc HDSD: + Nen giat chung voi san pham cung mau + Khong dung thuoc tay hoac xa phong co tinh tay manh + Nen phoi trong bong ram de giu sp ben mau',
'Yame', 'Viet Nam', 'Y Original', '0287307141', 'cskh@gmail.com', 'images/sanPham/', 'AT','NV02390927102022')

INSERT INTO SanPham VALUES
('QT154810101222', 'Quan Tay Toi Gian HG17', 'Poly', 'Toi gian', 'Nam', 'cai', 'Chat lieu: Vai Quan Tay Thanh phan: 82% polyester 14% rayon 4% spandex Mem mai Thoang khi Than thien voi moi truong Hut am tot',
'Yame', 'Viet Nam', 'Y Original', '0287301441', 'cskh@gmail.com', 'images/sanPham/', 'QT', 'NV02390927102022')

INSERT INTO SanPham VALUES
('QJ164810101222', 'Quan Jean Skinny Toi Gian A05', 'Jean Cotton', 'Skinny', 'Nam', 'cai', 'Chat lieu: Jean Cotton Thanh phan: 98% cotton 2% spandex Do ben cao Mac mat, rat thoai mai.',
'Yame', 'Viet Nam', 'Y Original', '0273071441', 'cskh@gmail.com', 'images/sanPham/', 'QJ', 'NV02390927102022')

INSERT INTO SanPham VALUES
('AK174810101222', 'Ao Khoac La Co Don Gian 12VAHDT Van Xuan Kien Quoc Ver3', 'Poly', 'La co don gian', 'Nam', 'cai', 'Chat lieu: Vai Du Thanh phan: 100% poly Truọt nuóc + Logo Vạn Xuan Kién Quóc ep cuc quang Vièn phản quang day kéo Túi trong có day kéo tiẹn dụng Khoa keo cao qua co thich hop di troi nang Nhièu túi tiẹn lọi Reverse Coil Zipper (Nhung chiec khoa tui nay co be mat ngoai dep, phang trong khi rang khoa thi o trong)',
'Yame', 'Viet Nam', 'Y Original', '0873071441', 'cskh@gmail.com', 'images/sanPham/', 'AK', 'NV35321127102022')

INSERT INTO SanPham VALUES
('AK184810101222', 'Ao Khoac Classic Toi Gian Ver6', 'Poly', 'Don gian', 'Nam', 'cai', 'Chat lieu: Vai Du Thanh phan: 100% poly Chong tia UV Can gio Nhanh kho Ben mau tot -Truot nuoc + Túi trong tiẹn dụng + Reverse Coil Zipper (Nhung chiec khoa tui nay co be mat ngoai dep, phang trong khi rang khoa thi o trong) Tạng kèm tui dung ao khoac',
'Yame', 'Viet Nam', 'Y Original', '0287307141', 'cskh@gmail.com', 'images/sanPham/', 'AK', 'NV35321127102022')

INSERT INTO SanPham VALUES
('QS194810101222', 'Quan Short Don Gian Y Nguyen Ban Ver38', 'Cotton 2 da', 'Don Gian', 'Nam', 'cai', 'Chat lieu: COTTON DOUBLE FACE Vai soi Cotton duoc det theo "DOUBLE-FACE" co cau truc 2 be mat giong nhau, co the su dung duoc ca 2 mat vai . Thanh phan: 87% Cotton 13% Polyester Co gian Do ben cao Thoang Khi Nhanh kho + Hoa tiet in deo + Hai túi ben hong Reverse Coil Zipper (Nhung chiec khoa tui nay co be mat ngoai dep, phang trong khi rang khoa thi o trong)',
'Yame', 'Viet Nam', 'Y Original', '0283071441', 'cskh@gmail.com', 'images/sanPham/', 'QS', 'NV35321127102022')

INSERT INTO SanPham VALUES
('AT204810101222', 'Ao thun co tron', 'Cotton', 'co tron', 'Nam', 'cai', 'Chat lieu: 100% Cotton thien nhien 85% Polyster Mem mai, de chiu va ton dang khi mac Chat lieu co gian 4 chieu, dem lai su thoai mai suot ngay dai Ben dep, khong nhao, khong xu long khi su dung San xuat tai xuong 10 nam kinh nghiem tai TP Ho Chi Minh',
'Yame', 'Viet Nam', 'Y Original', '0280978900', 'cskh@gmail.com', 'images/sanPham/', 'AT', 'NV35321127102022')

INSERT INTO SanPham VALUES
('QS214810101222', 'Quan Short Than Co Dai Aides Ver1', 'Cotton', 'short', 'Nam', 'cai', 'Chat lieu: Jean Cotton Thanh phan: 100% cotton Do ben cao Thoang mat Thoai mai + Hoa tiet khac lazer + logo TPR + Wash thòi trang',
'Yame', 'Viet Nam', 'Y Original', '0280978900', 'cskh@gmail.com', 'images/sanPham/', 'QS', 'NV45121027102022')

INSERT INTO SanPham VALUES
('AT224810101222', 'Ao Thun Co Tron Thien Nhien Ki Vi Beetle Ver1', 'Cotton', 'Co Tron', 'Nam', 'cai', 'Chat lieu: Cotton 2 chieu Thanh phan: 100% Cotton Co dan 2 chieu Tham hut mo hoi tot mang lai cam giac thoang mat + Hoa tiet in nuoc',
'Yame', 'Viet Nam', 'Y Original', '0280978900', 'cskh@gmail.com', 'images/sanPham/', 'AT', 'NV45121027102022')

INSERT INTO SanPham VALUES
('AT234810101222', 'Ao Thun Co Tru Ngan Ha Space Ver18', 'Cotton Compact 2S', 'co Tru', 'Nam', 'cai', 'Chat lieu: Cotton Compact Thanh phan: 100% Cotton Than thien Tham hut thoat am Mem mai Kiem soat mui Dieu hoa nhiet + Hoa tiet in bot noi HDSD: + Nen giat chung voi san pham cung mau + Khong dung thuoc tay hoac xa phong co tinh tay manh + Nen phoi trong bong ram de giu sp ben mau',
'Yame', 'Viet Nam', 'Y Original', '0280978900', 'cskh@gmail.com', 'images/sanPham/', 'AT', 'NV45121027102022')

INSERT INTO SanPham VALUES
('QD244810101222', 'Quan Dai Vai Don Gian Y Nguyen Ban Ver17', 'Cotton 2 Da', 'Dai', 'Nam', 'cai', 'Chat lieu: COTTON DOUBLE FACE Vai soi Cotton duoc det theo "DOUBLE-FACE" co cau truc 2 be mat giong nhau, co the su dung duoc ca 2 mat vai . Thanh phan: 85% Cotton 15% Polyester Co gian Do ben cao Thoang Khi Nhanh kho + Hoa tiet theu thuong + Kep logo Y_ORIGINAL tui sau',
'Yame', 'Viet Nam', 'Y Original', '0280978900', 'cskh@gmail.com', 'images/sanPham/', 'QD', 'NV45121027102022')

INSERT INTO SanPham VALUES
('ASM254810101222', 'Ao So Mi Tay Dai Don Gian Y Nguyen Ban Ver32', 'Cotton 2 Da', 'Dai', 'Nam', 'cai', 'Nguyen Ban Ver32 Chat lieu: Vai Caro Thanh phan : 70% Polyester 30% Rayon + Phoi logo kim loai',
'Yame', 'Viet Nam', 'Y Original', '0280978900', 'cskh@gmail.com', 'images/sanPham/', 'ASM', 'NV45121027102022')

INSERT INTO SanPham VALUES
('ASM264810101222', 'AO SO MI NU TOTODAY UPTOYOU', 'Cotton', 'images/sanPham/', 'Nu', 'cai', '',
'Yame', 'Viet Nam', 'UPTOYOU', '0280978900', 'uptoyou@gmail.com', 'images/sanPham/', 'ASM', 'NV29521127102022')

INSERT INTO SanPham VALUES
('QV274810101222', 'Quan vay xep ly', 'Xop to ong', 'Xep ly', 'Nu', 'cai', 'Quan Short/Quan Short Jeans nu cao cap, chat vai ccao cap. Soi vai Jean USA co chung nhan cua My voi do ben cao, mem mai va than thien cho da San pham basic, chat lieu ben bi, thoai mai cho doi chan cua ban Chat lieu vai jean day dep, co do cung cap, giup ton dang nguoi mac Thiet ke theo phong cach moi moi, kieu dang tre trung, kheo leo ton dang',
'Yame', 'Viet Nam', 'UPTOYOU', '0273072441', 'uptoyou@gmail.com', 'images/sanPham/', 'QV', 'NV29521127102022')

INSERT INTO SanPham VALUES
('DSN284810101222', 'Dam sat nach beo tung', 'Cotton cheo', 'Sat nach beo tung', 'Nu', 'cai', '',
'Yame', 'Viet Nam', 'UPTOYOU', '0283071441', 'uptoyou@gmail.com', 'images/sanPham/', 'DSN', 'NV29521127102022')

INSERT INTO SanPham VALUES
('QJ294810101222', 'QUAN JEANS FORM STRAIGHT', 'Denim', 'form straight', 'Nu', 'cai', 'Dac tinh: Tre trung Nang dong. The loai: Trang phuc dao pho. Size: S/M/L. Chat lieu: Denim. Mau sac: Xanh nhat / Xanh dam. Luu y: Ngam voi nuoc lanh qua dem truoc khi su dung lan dau. Khong tay. Khong giat chung voi nhung san pham de xuoc khac. So do mau nu: Chieu cao: 168 cm. So do 3 vong: 83 59 86 (Mac size S).',
'Yame', 'Viet Nam', 'Y Original', '0283071441', 'cskh@gmail.com', 'images/sanPham/', 'QJ', 'NV29521127102022')

INSERT INTO SanPham VALUES
('CV304810101222', 'CHAN VAY REN FORM BUT CHI', 'Ren cotton theu soi len', 'form but chi', 'Nu', 'cai', 'Dac tinh: Nu tinh Thanh lich. The loai: Trang phuc tiec, cong so. Size: S/M/L. Mau: Trang / Den. Chat lieu: Ren cotton theu soi len. Luu y: Khong tay, ngam, vat. Giat tay. Khong giat chung voi nhung san pham de gay xuoc len. So do mau nu: Chieu cao: 168 cm. So do 3 vong: 83 59 86 (Mac size S).',
'Yame', 'Viet Nam', 'HNOSS', '0305880944', 'hnoss@gmail.com', 'images/sanPham/', 'CV', 'NV29521127102022')

INSERT INTO SanPham VALUES
('VQ314810101222', 'VAY QUAN KIEU DAP PHOI VIEN', 'Vai soi poly tong hop', 'dap phoi vien', 'Nu', 'cai', 'Dac tinh: Thanh lich Hien dai Nang dong. The loai: Trang phuc dao pho. Size: S/M/L. Chat lieu: Vai soi poly tong hop. Mau sac: Kem / Mint / Den. Luu y: Khong tay, ngam. Giat nhe. Ui nhiet do thap. Khong giat chung voi nhung san pham de gay xuoc khac. So do mau nu: Chieu cao: 168 cm. So do 3 vong: 83 59 86 (Mac size S).',
'HNOSS', 'Viet Nam', 'HNOSS', '0305880944', 'hnoss@gmail.com', 'images/sanPham/', 'VQ', 'NV29521127102022')

INSERT INTO SanPham VALUES
('JS324810101222', 'JUMPSUIT TAY LIEN', 'Vai bo soi linen', 'tay lien', 'Nu', 'cai', 'Mieu ta: JUMPSUIT TAY LIEN. Dac tinh: Hien dai Tre trung Nang dong Phong khoang. The loai: Trang phuc dao pho. Size: S/M/L. Chat lieu: Vai bo soi linen. Mau sac: Hong/Den/Vang/Kem. Luu y: Ui nhiet do thap. So do mau nu: Chieu cao: 168 cm. So do 3 vong: 83 59 86 (Mac size S). Luu y: San pham form nho, thong so Eo: S (60-62), M (63-66), L (67-70).',
'HNOSS', 'Viet Nam', 'HNOSS', '0305880944', 'hnoss@gmail.com', 'images/sanPham/', 'JS', 'NV29521127102022')

INSERT INTO SanPham VALUES
('DD334810101222', 'DAM DAI RA NGUC CHU V NGUOC', 'Spandex', 'ra nguc chu V nguoc', 'Nu', 'cai', 'Mieu ta: Dam dai ra nguc chu V nguoc. Dac tinh: Tre trung Nu tinh. The loai: Trang phuc dao pho. Size: S/M/L. Chat lieu: Spandex. Mau sac: Den / Kem. Luu y: Khong tay, vat. Khong ngam. Ui voi che do thap hoac ui hoi nuoc. Khong giat chung voi nhung san pham de gay xuoc lua. So do mau nu: Chieu cao: 168 cm. So do 3 vong: 83 59 86 (Mac size S).',
'HNOSS', 'Viet Nam', 'HNOSS', '0305880944', 'hnoss@gmail.com', 'images/sanPham/', 'DD', 'NV29521127102022')

INSERT INTO SanPham VALUES
('DB344810101222', 'DAM BABY-DOLL TAY PHONG', 'Vai soi poly mem', 'tay phong', 'Nu', 'cai', 'Mieu ta: DAM BABY-DOLL TAY PHONG. Dac tinh: Nu tinh Tre trung. The loai: Trang phuc dao pho. Size: S/M/L Chat lieu: Vai soi poly mem. Mau sac: Hong / Den. Luu y: Khong tay, ngam. Giat nhe. Ui nhiet do thap. Khong giat chung voi nhung san pham de gay xuoc khac. So do mau nu: Chieu cao: 168 cm. So do 3 vong: 83 59 86 (Mac size S).',
'HNOSS', 'Viet Nam', 'HNOSS', '0305880944', 'hnoss@gmail.com', 'images/sanPham/', 'DB', 'NV29521127102022')

INSERT INTO SanPham VALUES
('QS354810101222', 'QUAN SHORT TUI KIEU LAI BAU', 'Vai bo soi linen', 'tui kieu lai bau', 'Nu', 'cai', 'Mieu ta: QUAN SHORT TUI KIEU LAI BAU. Dac tinh: Nu tinh Tre trung Nang dong. The loai: Trang phuc dao pho. Size: S/M/L. Chat lieu: Vai bo soi linen. Mau sac: Hong / Nau. Luu y: Khong tay, ngam. Khong giat chung voi nhung san pham de gay xuoc linen. So do mau nu: Chieu cao: 168 cm. So do 3 vong: 83 59 86 (Mac size S).',
'HNOSS', 'Viet Nam', 'HNOSS', '0305880944', 'hnoss@gmail.com', 'images/sanPham/', 'QS', 'NV29521127102022')


INSERT INTO ChiTietSanPham(maSanPham, kichCo, mauSac, soLuong, giaNhap) VALUES ('AT124810101222', 'XS', 'xanh bien', 10, 181000)
INSERT INTO ChiTietSanPham(maSanPham, kichCo, mauSac, soLuong, giaNhap) VALUES ('AT124810101222', 'S', 'xanh bien', 9, 181000)
INSERT INTO ChiTietSanPham(maSanPham, kichCo, mauSac, soLuong, giaNhap) VALUES ('AT124810101222', 'M', 'xanh bien', 19, 181000)
INSERT INTO ChiTietSanPham(maSanPham, kichCo, mauSac, soLuong, giaNhap) VALUES ('AT124810101222', 'L', 'xanh bien', 15, 181000)
INSERT INTO ChiTietSanPham(maSanPham, kichCo, mauSac, soLuong, giaNhap) VALUES ('AT124810101222', 'XS', 'xanh la', 2, 181000)
INSERT INTO ChiTietSanPham(maSanPham, kichCo, mauSac, soLuong, giaNhap) VALUES ('AT124810101222', 'S', 'xanh la', 6, 181000)
INSERT INTO ChiTietSanPham(maSanPham, kichCo, mauSac, soLuong, giaNhap) VALUES ('AT124810101222', 'M', 'xanh la', 12, 181000)
INSERT INTO ChiTietSanPham(maSanPham, kichCo, mauSac, soLuong, giaNhap) VALUES ('AT124810101222', 'L', 'xanh la', 4, 181000)
INSERT INTO ChiTietSanPham(maSanPham, kichCo, mauSac, soLuong, giaNhap) VALUES ('AT124810101222', 'XS', 'den', 10, 181000)
INSERT INTO ChiTietSanPham(maSanPham, kichCo, mauSac, soLuong, giaNhap) VALUES ('AT124810101222', 'S', 'den', 12, 181000)
INSERT INTO ChiTietSanPham(maSanPham, kichCo, mauSac, soLuong, giaNhap) VALUES ('AT124810101222', 'M', 'den', 12, 181000)
INSERT INTO ChiTietSanPham(maSanPham, kichCo, mauSac, soLuong, giaNhap) VALUES ('AT124810101222', 'L', 'den', 7, 181000)
INSERT INTO ChiTietSanPham(maSanPham, kichCo, mauSac, soLuong, giaNhap) VALUES ('AT124810101222', 'XS', 'cam dam', 12, 181000)
INSERT INTO ChiTietSanPham(maSanPham, kichCo, mauSac, soLuong, giaNhap) VALUES ('AT124810101222', 'S', 'cam dam', 14, 181000)
INSERT INTO ChiTietSanPham(maSanPham, kichCo, mauSac, soLuong, giaNhap) VALUES ('AT124810101222', 'M', 'cam dam', 8, 181000)
INSERT INTO ChiTietSanPham(maSanPham, kichCo, mauSac, soLuong, giaNhap) VALUES ('AT124810101222', 'L', 'cam dam', 9, 181000)
INSERT INTO ChiTietSanPham(maSanPham, kichCo, mauSac, soLuong, giaNhap) VALUES ('AT124810101222', 'XS', 'hong', 9, 181000)
INSERT INTO ChiTietSanPham(maSanPham, kichCo, mauSac, soLuong, giaNhap) VALUES ('AT124810101222', 'S', 'hong', 10, 181000)
INSERT INTO ChiTietSanPham(maSanPham, kichCo, mauSac, soLuong, giaNhap) VALUES ('AT124810101222', 'M', 'hong', 17, 181000)
INSERT INTO ChiTietSanPham(maSanPham, kichCo, mauSac, soLuong, giaNhap) VALUES ('AT124810101222', 'L', 'hong', 12, 181000)
INSERT INTO ChiTietSanPham(maSanPham, kichCo, mauSac, soLuong, giaNhap) VALUES ('AT124810101222', 'XS', 'xam den', 9, 181000)
INSERT INTO ChiTietSanPham(maSanPham, kichCo, mauSac, soLuong, giaNhap) VALUES ('AT124810101222', 'S', 'xam den', 6, 181000)
INSERT INTO ChiTietSanPham(maSanPham, kichCo, mauSac, soLuong, giaNhap) VALUES ('AT124810101222', 'M', 'xam den', 13, 181000)
INSERT INTO ChiTietSanPham(maSanPham, kichCo, mauSac, soLuong, giaNhap) VALUES ('AT124810101222', 'L', 'xam den', 7, 181000)
INSERT INTO ChiTietSanPham(maSanPham, kichCo, mauSac, soLuong, giaNhap) VALUES ('AT124810101222', 'XS', 'tim', 11, 181000)
INSERT INTO ChiTietSanPham(maSanPham, kichCo, mauSac, soLuong, giaNhap) VALUES ('AT124810101222', 'S', 'tim', 11, 181000)
INSERT INTO ChiTietSanPham(maSanPham, kichCo, mauSac, soLuong, giaNhap) VALUES ('AT124810101222', 'M', 'tim', 15, 181000)
INSERT INTO ChiTietSanPham(maSanPham, kichCo, mauSac, soLuong, giaNhap) VALUES ('AT124810101222', 'L', 'tim', 15, 181000)
INSERT INTO ChiTietSanPham(maSanPham, kichCo, mauSac, soLuong, giaNhap) VALUES ('AT124810101222', 'XS', 'do hong', 11, 181000)
INSERT INTO ChiTietSanPham(maSanPham, kichCo, mauSac, soLuong, giaNhap) VALUES ('AT124810101222', 'S', 'do hong', 13, 181000)
INSERT INTO ChiTietSanPham(maSanPham, kichCo, mauSac, soLuong, giaNhap) VALUES ('AT124810101222', 'M', 'do hong', 7, 181000)
INSERT INTO ChiTietSanPham(maSanPham, kichCo, mauSac, soLuong, giaNhap) VALUES ('AT124810101222', 'L', 'do hong', 7, 181000)
INSERT INTO ChiTietSanPham(maSanPham, kichCo, mauSac, soLuong, giaNhap) VALUES ('AT124810101222', 'XS', 'vang xam', 6, 181000)
INSERT INTO ChiTietSanPham(maSanPham, kichCo, mauSac, soLuong, giaNhap) VALUES ('AT124810101222', 'S', 'vang xam', 7, 181000)
INSERT INTO ChiTietSanPham(maSanPham, kichCo, mauSac, soLuong, giaNhap) VALUES ('AT124810101222', 'M', 'vang xam', 11, 181000)
INSERT INTO ChiTietSanPham(maSanPham, kichCo, mauSac, soLuong, giaNhap) VALUES ('AT124810101222', 'L', 'vang xam', 7, 181000)
INSERT INTO ChiTietSanPham(maSanPham, kichCo, mauSac, soLuong, giaNhap) VALUES ('AT124810101222', 'XS', 'cam', 9, 181000)
INSERT INTO ChiTietSanPham(maSanPham, kichCo, mauSac, soLuong, giaNhap) VALUES ('AT124810101222', 'S', 'cam', 23, 181000)
INSERT INTO ChiTietSanPham(maSanPham, kichCo, mauSac, soLuong, giaNhap) VALUES ('AT124810101222', 'M', 'cam', 19, 181000)
INSERT INTO ChiTietSanPham(maSanPham, kichCo, mauSac, soLuong, giaNhap) VALUES ('AT124810101222', 'L', 'cam', 10, 181000)
INSERT INTO ChiTietSanPham(maSanPham, kichCo, mauSac, soLuong, giaNhap) VALUES ('AT124810101222', 'XS', 'hong nhat', 10, 181000)
INSERT INTO ChiTietSanPham(maSanPham, kichCo, mauSac, soLuong, giaNhap) VALUES ('AT124810101222', 'S', 'hong nhat', 16, 181000)
INSERT INTO ChiTietSanPham(maSanPham, kichCo, mauSac, soLuong, giaNhap) VALUES ('AT124810101222', 'M', 'hong nhat', 20, 181000)
INSERT INTO ChiTietSanPham(maSanPham, kichCo, mauSac, soLuong, giaNhap) VALUES ('AT124810101222', 'L', 'hong nhat', 12, 181000)
INSERT INTO ChiTietSanPham(maSanPham, kichCo, mauSac, soLuong, giaNhap) VALUES ('AT124810101222', 'XS', 'trang', 18, 181000)
INSERT INTO ChiTietSanPham(maSanPham, kichCo, mauSac, soLuong, giaNhap) VALUES ('AT124810101222', 'S', 'trang', 15, 181000)
INSERT INTO ChiTietSanPham(maSanPham, kichCo, mauSac, soLuong, giaNhap) VALUES ('AT124810101222', 'M', 'trang', 10, 181000)
INSERT INTO ChiTietSanPham(maSanPham, kichCo, mauSac, soLuong, giaNhap) VALUES ('AT124810101222', 'L', 'trang', 16, 181000)
INSERT INTO ChiTietSanPham(maSanPham, kichCo, mauSac, soLuong, giaNhap) VALUES ('AT124810101222', 'XS', 'do', 10, 181000)
INSERT INTO ChiTietSanPham(maSanPham, kichCo, mauSac, soLuong, giaNhap) VALUES ('AT124810101222', 'S', 'do', 11, 181000)
INSERT INTO ChiTietSanPham(maSanPham, kichCo, mauSac, soLuong, giaNhap) VALUES ('AT124810101222', 'M', 'do', 13, 181000)
INSERT INTO ChiTietSanPham(maSanPham, kichCo, mauSac, soLuong, giaNhap) VALUES ('AT124810101222', 'L', 'do', 9, 181000)
INSERT INTO ChiTietSanPham(maSanPham, kichCo, mauSac, soLuong, giaNhap) VALUES ('ASM134810101222', 'XS', 'vang xam', 8, 255000)
INSERT INTO ChiTietSanPham(maSanPham, kichCo, mauSac, soLuong, giaNhap) VALUES ('ASM134810101222', 'S', 'vang xam', 11, 255000)
INSERT INTO ChiTietSanPham(maSanPham, kichCo, mauSac, soLuong, giaNhap) VALUES ('ASM134810101222', 'M', 'vang xam', 5, 255000)
INSERT INTO ChiTietSanPham(maSanPham, kichCo, mauSac, soLuong, giaNhap) VALUES ('ASM134810101222', 'XS', 'den', 12, 255000)
INSERT INTO ChiTietSanPham(maSanPham, kichCo, mauSac, soLuong, giaNhap) VALUES ('ASM134810101222', 'S', 'den', 10, 255000)
INSERT INTO ChiTietSanPham(maSanPham, kichCo, mauSac, soLuong, giaNhap) VALUES ('ASM134810101222', 'M', 'den', 10, 255000)
INSERT INTO ChiTietSanPham(maSanPham, kichCo, mauSac, soLuong, giaNhap) VALUES ('ASM134810101222', 'XS', 'tim', 3, 255000)
INSERT INTO ChiTietSanPham(maSanPham, kichCo, mauSac, soLuong, giaNhap) VALUES ('ASM134810101222', 'S', 'tim', 16, 255000)
INSERT INTO ChiTietSanPham(maSanPham, kichCo, mauSac, soLuong, giaNhap) VALUES ('ASM134810101222', 'M', 'tim', 9, 255000)
INSERT INTO ChiTietSanPham(maSanPham, kichCo, mauSac, soLuong, giaNhap) VALUES ('ASM134810101222', 'XS', 'trang', 11, 255000)
INSERT INTO ChiTietSanPham(maSanPham, kichCo, mauSac, soLuong, giaNhap) VALUES ('ASM134810101222', 'S', 'trang', 17, 255000)
INSERT INTO ChiTietSanPham(maSanPham, kichCo, mauSac, soLuong, giaNhap) VALUES ('ASM134810101222', 'M', 'trang', 18, 255000)
INSERT INTO ChiTietSanPham(maSanPham, kichCo, mauSac, soLuong, giaNhap) VALUES ('ASM134810101222', 'XS', 'da nhat', 10, 255000)
INSERT INTO ChiTietSanPham(maSanPham, kichCo, mauSac, soLuong, giaNhap) VALUES ('ASM134810101222', 'S', 'da nhat', 14, 255000)
INSERT INTO ChiTietSanPham(maSanPham, kichCo, mauSac, soLuong, giaNhap) VALUES ('ASM134810101222', 'M', 'da nhat', 13, 255000)
INSERT INTO ChiTietSanPham(maSanPham, kichCo, mauSac, soLuong, giaNhap) VALUES ('ASM134810101222', 'XS', 'vang chanh', 15, 255000)
INSERT INTO ChiTietSanPham(maSanPham, kichCo, mauSac, soLuong, giaNhap) VALUES ('ASM134810101222', 'S', 'vang chanh', 14, 255000)
INSERT INTO ChiTietSanPham(maSanPham, kichCo, mauSac, soLuong, giaNhap) VALUES ('ASM134810101222', 'M', 'vang chanh', 6, 255000)
INSERT INTO ChiTietSanPham(maSanPham, kichCo, mauSac, soLuong, giaNhap) VALUES ('ASM134810101222', 'XS', 'hong', 5, 255000)
INSERT INTO ChiTietSanPham(maSanPham, kichCo, mauSac, soLuong, giaNhap) VALUES ('ASM134810101222', 'S', 'hong', 10, 255000)
INSERT INTO ChiTietSanPham(maSanPham, kichCo, mauSac, soLuong, giaNhap) VALUES ('ASM134810101222', 'M', 'hong', 6, 255000)
INSERT INTO ChiTietSanPham(maSanPham, kichCo, mauSac, soLuong, giaNhap) VALUES ('ASM134810101222', 'XS', 'xanh den', 7, 255000)
INSERT INTO ChiTietSanPham(maSanPham, kichCo, mauSac, soLuong, giaNhap) VALUES ('ASM134810101222', 'S', 'xanh den', 11, 255000)
INSERT INTO ChiTietSanPham(maSanPham, kichCo, mauSac, soLuong, giaNhap) VALUES ('ASM134810101222', 'M', 'xanh den', 16, 255000)
INSERT INTO ChiTietSanPham(maSanPham, kichCo, mauSac, soLuong, giaNhap) VALUES ('AT144810101222', 'XS', 'da nhat', 11, 255000)
INSERT INTO ChiTietSanPham(maSanPham, kichCo, mauSac, soLuong, giaNhap) VALUES ('AT144810101222', 'S', 'da nhat', 10, 255000)
INSERT INTO ChiTietSanPham(maSanPham, kichCo, mauSac, soLuong, giaNhap) VALUES ('AT144810101222', 'M', 'da nhat', 20, 255000)
INSERT INTO ChiTietSanPham(maSanPham, kichCo, mauSac, soLuong, giaNhap) VALUES ('AT144810101222', 'XS', 'hong sen', 15, 255000)
INSERT INTO ChiTietSanPham(maSanPham, kichCo, mauSac, soLuong, giaNhap) VALUES ('AT144810101222', 'S', 'hong sen', 19, 255000)
INSERT INTO ChiTietSanPham(maSanPham, kichCo, mauSac, soLuong, giaNhap) VALUES ('AT144810101222', 'M', 'hong sen', 14, 255000)
INSERT INTO ChiTietSanPham(maSanPham, kichCo, mauSac, soLuong, giaNhap) VALUES ('AT144810101222', 'XS', 'do', 14, 255000)
INSERT INTO ChiTietSanPham(maSanPham, kichCo, mauSac, soLuong, giaNhap) VALUES ('AT144810101222', 'S', 'do', 14, 255000)
INSERT INTO ChiTietSanPham(maSanPham, kichCo, mauSac, soLuong, giaNhap) VALUES ('AT144810101222', 'M', 'do', 14, 255000)
INSERT INTO ChiTietSanPham(maSanPham, kichCo, mauSac, soLuong, giaNhap) VALUES ('AT144810101222', 'XS', 'vang', 11, 255000)
INSERT INTO ChiTietSanPham(maSanPham, kichCo, mauSac, soLuong, giaNhap) VALUES ('AT144810101222', 'S', 'vang', 11, 255000)
INSERT INTO ChiTietSanPham(maSanPham, kichCo, mauSac, soLuong, giaNhap) VALUES ('AT144810101222', 'M', 'vang', 5, 255000)
INSERT INTO ChiTietSanPham(maSanPham, kichCo, mauSac, soLuong, giaNhap) VALUES ('AT144810101222', 'XS', 'xanh den', 12, 255000)
INSERT INTO ChiTietSanPham(maSanPham, kichCo, mauSac, soLuong, giaNhap) VALUES ('AT144810101222', 'S', 'xanh den', 15, 255000)
INSERT INTO ChiTietSanPham(maSanPham, kichCo, mauSac, soLuong, giaNhap) VALUES ('AT144810101222', 'M', 'xanh den', 10, 255000)
INSERT INTO ChiTietSanPham(maSanPham, kichCo, mauSac, soLuong, giaNhap) VALUES ('AT144810101222', 'XS', 'do tuoi', 19, 255000)
INSERT INTO ChiTietSanPham(maSanPham, kichCo, mauSac, soLuong, giaNhap) VALUES ('AT144810101222', 'S', 'do tuoi', 21, 255000)
INSERT INTO ChiTietSanPham(maSanPham, kichCo, mauSac, soLuong, giaNhap) VALUES ('AT144810101222', 'M', 'do tuoi', 13, 255000)
INSERT INTO ChiTietSanPham(maSanPham, kichCo, mauSac, soLuong, giaNhap) VALUES ('QT154810101222', 'XS', 'xanh ket', 14, 325000)
INSERT INTO ChiTietSanPham(maSanPham, kichCo, mauSac, soLuong, giaNhap) VALUES ('QT154810101222', 'S', 'xanh ket', 24, 325000)
INSERT INTO ChiTietSanPham(maSanPham, kichCo, mauSac, soLuong, giaNhap) VALUES ('QT154810101222', 'M', 'xanh ket', 7, 325000)
INSERT INTO ChiTietSanPham(maSanPham, kichCo, mauSac, soLuong, giaNhap) VALUES ('QT154810101222', 'XS', 'vang', 21, 325000)
INSERT INTO ChiTietSanPham(maSanPham, kichCo, mauSac, soLuong, giaNhap) VALUES ('QT154810101222', 'S', 'vang', 14, 325000)
INSERT INTO ChiTietSanPham(maSanPham, kichCo, mauSac, soLuong, giaNhap) VALUES ('QT154810101222', 'M', 'vang', 3, 325000)
INSERT INTO ChiTietSanPham(maSanPham, kichCo, mauSac, soLuong, giaNhap) VALUES ('QT154810101222', 'XS', 'xam den', 19, 325000)
INSERT INTO ChiTietSanPham(maSanPham, kichCo, mauSac, soLuong, giaNhap) VALUES ('QT154810101222', 'S', 'xam den', 5, 325000)
INSERT INTO ChiTietSanPham(maSanPham, kichCo, mauSac, soLuong, giaNhap) VALUES ('QT154810101222', 'M', 'xam den', 10, 325000)
INSERT INTO ChiTietSanPham(maSanPham, kichCo, mauSac, soLuong, giaNhap) VALUES ('QJ164810101222', 'XS', 'vang cuc', 9, 425000)
INSERT INTO ChiTietSanPham(maSanPham, kichCo, mauSac, soLuong, giaNhap) VALUES ('QJ164810101222', 'S', 'vang cuc', 11, 425000)
INSERT INTO ChiTietSanPham(maSanPham, kichCo, mauSac, soLuong, giaNhap) VALUES ('QJ164810101222', 'M', 'vang cuc', 15, 425000)
INSERT INTO ChiTietSanPham(maSanPham, kichCo, mauSac, soLuong, giaNhap) VALUES ('QJ164810101222', 'XS', 'xanh duong', 17, 425000)
INSERT INTO ChiTietSanPham(maSanPham, kichCo, mauSac, soLuong, giaNhap) VALUES ('QJ164810101222', 'S', 'xanh duong', 19, 425000)
INSERT INTO ChiTietSanPham(maSanPham, kichCo, mauSac, soLuong, giaNhap) VALUES ('QJ164810101222', 'M', 'xanh duong', 8, 425000)
INSERT INTO ChiTietSanPham(maSanPham, kichCo, mauSac, soLuong, giaNhap) VALUES ('QJ164810101222', 'XS', 'xanh ngoc', 15, 425000)
INSERT INTO ChiTietSanPham(maSanPham, kichCo, mauSac, soLuong, giaNhap) VALUES ('QJ164810101222', 'S', 'xanh ngoc', 9, 425000)
INSERT INTO ChiTietSanPham(maSanPham, kichCo, mauSac, soLuong, giaNhap) VALUES ('QJ164810101222', 'M', 'xanh ngoc', 9, 425000)
INSERT INTO ChiTietSanPham(maSanPham, kichCo, mauSac, soLuong, giaNhap) VALUES ('QJ164810101222', 'XS', 'hong nhat', 13, 425000)
INSERT INTO ChiTietSanPham(maSanPham, kichCo, mauSac, soLuong, giaNhap) VALUES ('QJ164810101222', 'S', 'hong nhat', 12, 425000)
INSERT INTO ChiTietSanPham(maSanPham, kichCo, mauSac, soLuong, giaNhap) VALUES ('QJ164810101222', 'M', 'hong nhat', 9, 425000)
INSERT INTO ChiTietSanPham(maSanPham, kichCo, mauSac, soLuong, giaNhap) VALUES ('QJ164810101222', 'XS', 'do hong', 15, 425000)
INSERT INTO ChiTietSanPham(maSanPham, kichCo, mauSac, soLuong, giaNhap) VALUES ('QJ164810101222', 'S', 'do hong', 16, 425000)
INSERT INTO ChiTietSanPham(maSanPham, kichCo, mauSac, soLuong, giaNhap) VALUES ('QJ164810101222', 'M', 'do hong', 15, 425000)
INSERT INTO ChiTietSanPham(maSanPham, kichCo, mauSac, soLuong, giaNhap) VALUES ('QJ164810101222', 'XS', 'den', 18, 425000)
INSERT INTO ChiTietSanPham(maSanPham, kichCo, mauSac, soLuong, giaNhap) VALUES ('QJ164810101222', 'S', 'den', 16, 425000)
INSERT INTO ChiTietSanPham(maSanPham, kichCo, mauSac, soLuong, giaNhap) VALUES ('QJ164810101222', 'M', 'den', 7, 425000)
INSERT INTO ChiTietSanPham(maSanPham, kichCo, mauSac, soLuong, giaNhap) VALUES ('QJ164810101222', 'XS', 'xanh ket', 10, 425000)
INSERT INTO ChiTietSanPham(maSanPham, kichCo, mauSac, soLuong, giaNhap) VALUES ('QJ164810101222', 'S', 'xanh ket', 11, 425000)
INSERT INTO ChiTietSanPham(maSanPham, kichCo, mauSac, soLuong, giaNhap) VALUES ('QJ164810101222', 'M', 'xanh ket', 12, 425000)
INSERT INTO ChiTietSanPham(maSanPham, kichCo, mauSac, soLuong, giaNhap) VALUES ('QJ164810101222', 'XS', 'xanh den', 14, 425000)
INSERT INTO ChiTietSanPham(maSanPham, kichCo, mauSac, soLuong, giaNhap) VALUES ('QJ164810101222', 'S', 'xanh den', 12, 425000)
INSERT INTO ChiTietSanPham(maSanPham, kichCo, mauSac, soLuong, giaNhap) VALUES ('QJ164810101222', 'M', 'xanh den', 13, 425000)
INSERT INTO ChiTietSanPham(maSanPham, kichCo, mauSac, soLuong, giaNhap) VALUES ('AK174810101222', 'XS', 'do hong', 14, 425000)
INSERT INTO ChiTietSanPham(maSanPham, kichCo, mauSac, soLuong, giaNhap) VALUES ('AK174810101222', 'S', 'do hong', 14, 425000)
INSERT INTO ChiTietSanPham(maSanPham, kichCo, mauSac, soLuong, giaNhap) VALUES ('AK174810101222', 'M', 'do hong', 17, 425000)
INSERT INTO ChiTietSanPham(maSanPham, kichCo, mauSac, soLuong, giaNhap) VALUES ('AK174810101222', 'XS', 'hong sen', 8, 425000)
INSERT INTO ChiTietSanPham(maSanPham, kichCo, mauSac, soLuong, giaNhap) VALUES ('AK174810101222', 'S', 'hong sen', 14, 425000)
INSERT INTO ChiTietSanPham(maSanPham, kichCo, mauSac, soLuong, giaNhap) VALUES ('AK174810101222', 'M', 'hong sen', 13, 425000)
INSERT INTO ChiTietSanPham(maSanPham, kichCo, mauSac, soLuong, giaNhap) VALUES ('AK174810101222', 'XS', 'da dam', 14, 425000)
INSERT INTO ChiTietSanPham(maSanPham, kichCo, mauSac, soLuong, giaNhap) VALUES ('AK174810101222', 'S', 'da dam', 23, 425000)
INSERT INTO ChiTietSanPham(maSanPham, kichCo, mauSac, soLuong, giaNhap) VALUES ('AK174810101222', 'M', 'da dam', 14, 425000)
INSERT INTO ChiTietSanPham(maSanPham, kichCo, mauSac, soLuong, giaNhap) VALUES ('AK174810101222', 'XS', 'cam', 13, 425000)
INSERT INTO ChiTietSanPham(maSanPham, kichCo, mauSac, soLuong, giaNhap) VALUES ('AK174810101222', 'S', 'cam', 11, 425000)
INSERT INTO ChiTietSanPham(maSanPham, kichCo, mauSac, soLuong, giaNhap) VALUES ('AK174810101222', 'M', 'cam', 6, 425000)
INSERT INTO ChiTietSanPham(maSanPham, kichCo, mauSac, soLuong, giaNhap) VALUES ('AK174810101222', 'XS', 'xanh la', 12, 425000)
INSERT INTO ChiTietSanPham(maSanPham, kichCo, mauSac, soLuong, giaNhap) VALUES ('AK174810101222', 'S', 'xanh la', 17, 425000)
INSERT INTO ChiTietSanPham(maSanPham, kichCo, mauSac, soLuong, giaNhap) VALUES ('AK174810101222', 'M', 'xanh la', 20, 425000)
INSERT INTO ChiTietSanPham(maSanPham, kichCo, mauSac, soLuong, giaNhap) VALUES ('AK174810101222', 'XS', 'hong nhat', 10, 425000)
INSERT INTO ChiTietSanPham(maSanPham, kichCo, mauSac, soLuong, giaNhap) VALUES ('AK174810101222', 'S', 'hong nhat', 6, 425000)
INSERT INTO ChiTietSanPham(maSanPham, kichCo, mauSac, soLuong, giaNhap) VALUES ('AK174810101222', 'M', 'hong nhat', 11, 425000)
INSERT INTO ChiTietSanPham(maSanPham, kichCo, mauSac, soLuong, giaNhap) VALUES ('AK174810101222', 'XS', 'do tuoi', 14, 425000)
INSERT INTO ChiTietSanPham(maSanPham, kichCo, mauSac, soLuong, giaNhap) VALUES ('AK174810101222', 'S', 'do tuoi', 16, 425000)
INSERT INTO ChiTietSanPham(maSanPham, kichCo, mauSac, soLuong, giaNhap) VALUES ('AK174810101222', 'M', 'do tuoi', 11, 425000)
INSERT INTO ChiTietSanPham(maSanPham, kichCo, mauSac, soLuong, giaNhap) VALUES ('AK174810101222', 'XS', 'xanh ket', 8, 425000)
INSERT INTO ChiTietSanPham(maSanPham, kichCo, mauSac, soLuong, giaNhap) VALUES ('AK174810101222', 'S', 'xanh ket', 22, 425000)
INSERT INTO ChiTietSanPham(maSanPham, kichCo, mauSac, soLuong, giaNhap) VALUES ('AK174810101222', 'M', 'xanh ket', 15, 425000)
INSERT INTO ChiTietSanPham(maSanPham, kichCo, mauSac, soLuong, giaNhap) VALUES ('AK174810101222', 'XS', 'den', 10, 425000)
INSERT INTO ChiTietSanPham(maSanPham, kichCo, mauSac, soLuong, giaNhap) VALUES ('AK174810101222', 'S', 'den', 9, 425000)
INSERT INTO ChiTietSanPham(maSanPham, kichCo, mauSac, soLuong, giaNhap) VALUES ('AK174810101222', 'M', 'den', 16, 425000)
INSERT INTO ChiTietSanPham(maSanPham, kichCo, mauSac, soLuong, giaNhap) VALUES ('AK174810101222', 'XS', 'tim', 7, 425000)
INSERT INTO ChiTietSanPham(maSanPham, kichCo, mauSac, soLuong, giaNhap) VALUES ('AK174810101222', 'S', 'tim', '10', 425000)
INSERT INTO ChiTietSanPham(maSanPham, kichCo, mauSac, soLuong, giaNhap) VALUES ('AK174810101222', 'M', 'tim', 15, 425000)
INSERT INTO ChiTietSanPham(maSanPham, kichCo, mauSac, soLuong, giaNhap) VALUES ('AK174810101222', 'XS', 'xanh duong', 15, 425000)
INSERT INTO ChiTietSanPham(maSanPham, kichCo, mauSac, soLuong, giaNhap) VALUES ('AK174810101222', 'S', 'xanh duong', 4, 425000)
INSERT INTO ChiTietSanPham(maSanPham, kichCo, mauSac, soLuong, giaNhap) VALUES ('AK174810101222', 'M', 'xanh duong', 13, 425000)
INSERT INTO ChiTietSanPham(maSanPham, kichCo, mauSac, soLuong, giaNhap) VALUES ('AK174810101222', 'XS', 'xanh ngoc', 14, 425000)
INSERT INTO ChiTietSanPham(maSanPham, kichCo, mauSac, soLuong, giaNhap) VALUES ('AK174810101222', 'S', 'xanh ngoc', 15, 425000)
INSERT INTO ChiTietSanPham(maSanPham, kichCo, mauSac, soLuong, giaNhap) VALUES ('AK174810101222', 'M', 'xanh ngoc', 21, 425000)
INSERT INTO ChiTietSanPham(maSanPham, kichCo, mauSac, soLuong, giaNhap) VALUES ('AK174810101222', 'XS', 'vang cuc', 23, 425000)
INSERT INTO ChiTietSanPham(maSanPham, kichCo, mauSac, soLuong, giaNhap) VALUES ('AK174810101222', 'S', 'vang cuc', 8, 425000)
INSERT INTO ChiTietSanPham(maSanPham, kichCo, mauSac, soLuong, giaNhap) VALUES ('AK174810101222', 'M', 'vang cuc', 9, 425000)
INSERT INTO ChiTietSanPham(maSanPham, kichCo, mauSac, soLuong, giaNhap) VALUES ('AK184810101222', 'XS', 'den', 3, 385000)
INSERT INTO ChiTietSanPham(maSanPham, kichCo, mauSac, soLuong, giaNhap) VALUES ('AK184810101222', 'S', 'den', 12, 385000)
INSERT INTO ChiTietSanPham(maSanPham, kichCo, mauSac, soLuong, giaNhap) VALUES ('AK184810101222', 'M', 'den', 11, 385000)
INSERT INTO ChiTietSanPham(maSanPham, kichCo, mauSac, soLuong, giaNhap) VALUES ('AK184810101222', 'L', 'den', 8, 385000)
INSERT INTO ChiTietSanPham(maSanPham, kichCo, mauSac, soLuong, giaNhap) VALUES ('AK184810101222', 'XS', 'xam den', 5, 385000)
INSERT INTO ChiTietSanPham(maSanPham, kichCo, mauSac, soLuong, giaNhap) VALUES ('AK184810101222', 'S', 'xam den', 20, 385000)
INSERT INTO ChiTietSanPham(maSanPham, kichCo, mauSac, soLuong, giaNhap) VALUES ('AK184810101222', 'M', 'xam den', 11, 385000)
INSERT INTO ChiTietSanPham(maSanPham, kichCo, mauSac, soLuong, giaNhap) VALUES ('AK184810101222', 'L', 'xam den', 15, 385000)
INSERT INTO ChiTietSanPham(maSanPham, kichCo, mauSac, soLuong, giaNhap) VALUES ('AK184810101222', 'XS', 'cam', 15, 385000)
INSERT INTO ChiTietSanPham(maSanPham, kichCo, mauSac, soLuong, giaNhap) VALUES ('AK184810101222', 'S', 'cam', 9, 385000)
INSERT INTO ChiTietSanPham(maSanPham, kichCo, mauSac, soLuong, giaNhap) VALUES ('AK184810101222', 'M', 'cam', 3, 385000)
INSERT INTO ChiTietSanPham(maSanPham, kichCo, mauSac, soLuong, giaNhap) VALUES ('AK184810101222', 'L', 'cam', 6, 385000)
INSERT INTO ChiTietSanPham(maSanPham, kichCo, mauSac, soLuong, giaNhap) VALUES ('AK184810101222', 'XS', 'tim', 8, 385000)
INSERT INTO ChiTietSanPham(maSanPham, kichCo, mauSac, soLuong, giaNhap) VALUES ('AK184810101222', 'S', 'tim', 6, 385000)
INSERT INTO ChiTietSanPham(maSanPham, kichCo, mauSac, soLuong, giaNhap) VALUES ('AK184810101222', 'M', 'tim', 12, 385000)
INSERT INTO ChiTietSanPham(maSanPham, kichCo, mauSac, soLuong, giaNhap) VALUES ('AK184810101222', 'L', 'tim', 18, 385000)
INSERT INTO ChiTietSanPham(maSanPham, kichCo, mauSac, soLuong, giaNhap) VALUES ('AK184810101222', 'XS', 'xanh den', 13, 385000)
INSERT INTO ChiTietSanPham(maSanPham, kichCo, mauSac, soLuong, giaNhap) VALUES ('AK184810101222', 'S', 'xanh den', 12, 385000)
INSERT INTO ChiTietSanPham(maSanPham, kichCo, mauSac, soLuong, giaNhap) VALUES ('AK184810101222', 'M', 'xanh den', 10, 385000)
INSERT INTO ChiTietSanPham(maSanPham, kichCo, mauSac, soLuong, giaNhap) VALUES ('AK184810101222', 'L', 'xanh den', 12, 385000)
INSERT INTO ChiTietSanPham(maSanPham, kichCo, mauSac, soLuong, giaNhap) VALUES ('AK184810101222', 'XS', 'xam dom', 21, 385000)
INSERT INTO ChiTietSanPham(maSanPham, kichCo, mauSac, soLuong, giaNhap) VALUES ('AK184810101222', 'S', 'xam dom', 4, 385000)
INSERT INTO ChiTietSanPham(maSanPham, kichCo, mauSac, soLuong, giaNhap) VALUES ('AK184810101222', 'M', 'xam dom', 6, 385000)
INSERT INTO ChiTietSanPham(maSanPham, kichCo, mauSac, soLuong, giaNhap) VALUES ('AK184810101222', 'L', 'xam dom', 15, 385000)
INSERT INTO ChiTietSanPham(maSanPham, kichCo, mauSac, soLuong, giaNhap) VALUES ('QS194810101222', 'XS', 'hong nhat', 13, 287000)
INSERT INTO ChiTietSanPham(maSanPham, kichCo, mauSac, soLuong, giaNhap) VALUES ('QS194810101222', 'S', 'hong nhat', 18, 287000)
INSERT INTO ChiTietSanPham(maSanPham, kichCo, mauSac, soLuong, giaNhap) VALUES ('QS194810101222', 'M', 'hong nhat', 14, 287000)
INSERT INTO ChiTietSanPham(maSanPham, kichCo, mauSac, soLuong, giaNhap) VALUES ('QS194810101222', 'XS', 'da nhat', 17, 287000)
INSERT INTO ChiTietSanPham(maSanPham, kichCo, mauSac, soLuong, giaNhap) VALUES ('QS194810101222', 'S', 'da nhat', 18, 287000)
INSERT INTO ChiTietSanPham(maSanPham, kichCo, mauSac, soLuong, giaNhap) VALUES ('QS194810101222', 'M', 'da nhat', 15, 287000)
INSERT INTO ChiTietSanPham(maSanPham, kichCo, mauSac, soLuong, giaNhap) VALUES ('QS194810101222', 'XS', 'xanh ket', 8, 287000)
INSERT INTO ChiTietSanPham(maSanPham, kichCo, mauSac, soLuong, giaNhap) VALUES ('QS194810101222', 'S', 'xanh ket', 7, 287000)
INSERT INTO ChiTietSanPham(maSanPham, kichCo, mauSac, soLuong, giaNhap) VALUES ('QS194810101222', 'M', 'xanh ket', 17, 287000)
INSERT INTO ChiTietSanPham(maSanPham, kichCo, mauSac, soLuong, giaNhap) VALUES ('QS194810101222', 'XS', 'cam', 12, 287000)
INSERT INTO ChiTietSanPham(maSanPham, kichCo, mauSac, soLuong, giaNhap) VALUES ('QS194810101222', 'S', 'cam', 12, 287000)
INSERT INTO ChiTietSanPham(maSanPham, kichCo, mauSac, soLuong, giaNhap) VALUES ('QS194810101222', 'M', 'cam', 13, 287000)
INSERT INTO ChiTietSanPham(maSanPham, kichCo, mauSac, soLuong, giaNhap) VALUES ('QS194810101222', 'XS', 'vang', 9, 287000)
INSERT INTO ChiTietSanPham(maSanPham, kichCo, mauSac, soLuong, giaNhap) VALUES ('QS194810101222', 'S', 'vang', 15, 287000)
INSERT INTO ChiTietSanPham(maSanPham, kichCo, mauSac, soLuong, giaNhap) VALUES ('QS194810101222', 'M', 'vang', 6, 287000)
INSERT INTO ChiTietSanPham(maSanPham, kichCo, mauSac, soLuong, giaNhap) VALUES ('QS194810101222', 'XS', 'tim', 15, 287000)
INSERT INTO ChiTietSanPham(maSanPham, kichCo, mauSac, soLuong, giaNhap) VALUES ('QS194810101222', 'S', 'tim', 10, 287000)
INSERT INTO ChiTietSanPham(maSanPham, kichCo, mauSac, soLuong, giaNhap) VALUES ('QS194810101222', 'M', 'tim', '10', 287000)
INSERT INTO ChiTietSanPham(maSanPham, kichCo, mauSac, soLuong, giaNhap) VALUES ('QS194810101222', 'XS', 'trang', 13, 287000)
INSERT INTO ChiTietSanPham(maSanPham, kichCo, mauSac, soLuong, giaNhap) VALUES ('QS194810101222', 'S', 'trang', 17, 287000)
INSERT INTO ChiTietSanPham(maSanPham, kichCo, mauSac, soLuong, giaNhap) VALUES ('QS194810101222', 'M', 'trang', 13, 287000)
INSERT INTO ChiTietSanPham(maSanPham, kichCo, mauSac, soLuong, giaNhap) VALUES ('AT204810101222', 'XS', 'vang', 13, 123000)
INSERT INTO ChiTietSanPham(maSanPham, kichCo, mauSac, soLuong, giaNhap) VALUES ('AT204810101222', 'S', 'vang', 14, 123000)
INSERT INTO ChiTietSanPham(maSanPham, kichCo, mauSac, soLuong, giaNhap) VALUES ('AT204810101222', 'XS', 'xanh ngoc', 8, 123000)
INSERT INTO ChiTietSanPham(maSanPham, kichCo, mauSac, soLuong, giaNhap) VALUES ('AT204810101222', 'S', 'xanh ngoc', 15, 123000)
INSERT INTO ChiTietSanPham(maSanPham, kichCo, mauSac, soLuong, giaNhap) VALUES ('AT204810101222', 'XS', 'tim', 11, 123000)
INSERT INTO ChiTietSanPham(maSanPham, kichCo, mauSac, soLuong, giaNhap) VALUES ('AT204810101222', 'S', 'tim', '10', 123000)
INSERT INTO ChiTietSanPham(maSanPham, kichCo, mauSac, soLuong, giaNhap) VALUES ('AT204810101222', 'XS', 'da dam', 13, 123000)
INSERT INTO ChiTietSanPham(maSanPham, kichCo, mauSac, soLuong, giaNhap) VALUES ('AT204810101222', 'S', 'da dam', 11, 123000)
INSERT INTO ChiTietSanPham(maSanPham, kichCo, mauSac, soLuong, giaNhap) VALUES ('AT204810101222', 'XS', 'cam dam', '10', 123000)
INSERT INTO ChiTietSanPham(maSanPham, kichCo, mauSac, soLuong, giaNhap) VALUES ('AT204810101222', 'S', 'cam dam', 9, 123000)
INSERT INTO ChiTietSanPham(maSanPham, kichCo, mauSac, soLuong, giaNhap) VALUES ('AT204810101222', 'XS', 'den', 7, 123000)
INSERT INTO ChiTietSanPham(maSanPham, kichCo, mauSac, soLuong, giaNhap) VALUES ('AT204810101222', 'S', 'den', 22, 123000)
INSERT INTO ChiTietSanPham(maSanPham, kichCo, mauSac, soLuong, giaNhap) VALUES ('AT204810101222', 'XS', 'do hong', 10, 123000)
INSERT INTO ChiTietSanPham(maSanPham, kichCo, mauSac, soLuong, giaNhap) VALUES ('AT204810101222', 'S', 'do hong', 9, 123000)
INSERT INTO ChiTietSanPham(maSanPham, kichCo, mauSac, soLuong, giaNhap) VALUES ('AT204810101222', 'XS', 'xanh chuoi', 12, 123000)
INSERT INTO ChiTietSanPham(maSanPham, kichCo, mauSac, soLuong, giaNhap) VALUES ('AT204810101222', 'S', 'xanh chuoi', 10, 123000)
INSERT INTO ChiTietSanPham(maSanPham, kichCo, mauSac, soLuong, giaNhap) VALUES ('AT204810101222', 'XS', 'trang', 8, 123000)
INSERT INTO ChiTietSanPham(maSanPham, kichCo, mauSac, soLuong, giaNhap) VALUES ('AT204810101222', 'S', 'trang', 8, 123000)
INSERT INTO ChiTietSanPham(maSanPham, kichCo, mauSac, soLuong, giaNhap) VALUES ('AT204810101222', 'XS', 'do', 11, 123000)
INSERT INTO ChiTietSanPham(maSanPham, kichCo, mauSac, soLuong, giaNhap) VALUES ('AT204810101222', 'S', 'do', 12, 123000)
INSERT INTO ChiTietSanPham(maSanPham, kichCo, mauSac, soLuong, giaNhap) VALUES ('AT204810101222', 'XS', 'hong', 13, 123000)
INSERT INTO ChiTietSanPham(maSanPham, kichCo, mauSac, soLuong, giaNhap) VALUES ('AT204810101222', 'S', 'hong', 4, 123000)
INSERT INTO ChiTietSanPham(maSanPham, kichCo, mauSac, soLuong, giaNhap) VALUES ('AT204810101222', 'XS', 'hong sen', 11, 123000)
INSERT INTO ChiTietSanPham(maSanPham, kichCo, mauSac, soLuong, giaNhap) VALUES ('AT204810101222', 'S', 'hong sen', 7, 123000)
INSERT INTO ChiTietSanPham(maSanPham, kichCo, mauSac, soLuong, giaNhap) VALUES ('AT204810101222', 'XS', 'xanh bien', 2, 123000)
INSERT INTO ChiTietSanPham(maSanPham, kichCo, mauSac, soLuong, giaNhap) VALUES ('AT204810101222', 'S', 'xanh bien', 10, 123000)
INSERT INTO ChiTietSanPham(maSanPham, kichCo, mauSac, soLuong, giaNhap) VALUES ('AT204810101222', 'XS', 'vang chanh', 5, 123000)
INSERT INTO ChiTietSanPham(maSanPham, kichCo, mauSac, soLuong, giaNhap) VALUES ('AT204810101222', 'S', 'vang chanh', 11, 123000)
INSERT INTO ChiTietSanPham(maSanPham, kichCo, mauSac, soLuong, giaNhap) VALUES ('QS214810101222', 'XS', 'trang', 7, 199500)
INSERT INTO ChiTietSanPham(maSanPham, kichCo, mauSac, soLuong, giaNhap) VALUES ('QS214810101222', 'S', 'trang', 10, 199500)
INSERT INTO ChiTietSanPham(maSanPham, kichCo, mauSac, soLuong, giaNhap) VALUES ('QS214810101222', 'M', 'trang', 3, 199500)
INSERT INTO ChiTietSanPham(maSanPham, kichCo, mauSac, soLuong, giaNhap) VALUES ('QS214810101222', 'XS', 'xam', 14, 199500)
INSERT INTO ChiTietSanPham(maSanPham, kichCo, mauSac, soLuong, giaNhap) VALUES ('QS214810101222', 'S', 'xam', 15, 199500)
INSERT INTO ChiTietSanPham(maSanPham, kichCo, mauSac, soLuong, giaNhap) VALUES ('QS214810101222', 'M', 'xam', 12, 199500)
INSERT INTO ChiTietSanPham(maSanPham, kichCo, mauSac, soLuong, giaNhap) VALUES ('QS214810101222', 'XS', 'reu', 8, 199500)
INSERT INTO ChiTietSanPham(maSanPham, kichCo, mauSac, soLuong, giaNhap) VALUES ('QS214810101222', 'S', 'reu', 10, 199500)
INSERT INTO ChiTietSanPham(maSanPham, kichCo, mauSac, soLuong, giaNhap) VALUES ('QS214810101222', 'M', 'reu', 4, 199500)
INSERT INTO ChiTietSanPham(maSanPham, kichCo, mauSac, soLuong, giaNhap) VALUES ('QS214810101222', 'XS', 'tim', 11, 199500)
INSERT INTO ChiTietSanPham(maSanPham, kichCo, mauSac, soLuong, giaNhap) VALUES ('QS214810101222', 'S', 'tim', 14, 199500)
INSERT INTO ChiTietSanPham(maSanPham, kichCo, mauSac, soLuong, giaNhap) VALUES ('QS214810101222', 'M', 'tim', 9, 199500)
INSERT INTO ChiTietSanPham(maSanPham, kichCo, mauSac, soLuong, giaNhap) VALUES ('QS214810101222', 'XS', 'do tuoi', 15, 199500)
INSERT INTO ChiTietSanPham(maSanPham, kichCo, mauSac, soLuong, giaNhap) VALUES ('QS214810101222', 'S', 'do tuoi', 6, 199500)
INSERT INTO ChiTietSanPham(maSanPham, kichCo, mauSac, soLuong, giaNhap) VALUES ('QS214810101222', 'M', 'do tuoi', 10, 199500)
INSERT INTO ChiTietSanPham(maSanPham, kichCo, mauSac, soLuong, giaNhap) VALUES ('QS214810101222', 'XS', 'cam', 7, 199500)
INSERT INTO ChiTietSanPham(maSanPham, kichCo, mauSac, soLuong, giaNhap) VALUES ('QS214810101222', 'S', 'cam', '10', 199500)
INSERT INTO ChiTietSanPham(maSanPham, kichCo, mauSac, soLuong, giaNhap) VALUES ('QS214810101222', 'M', 'cam', 13, 199500)
INSERT INTO ChiTietSanPham(maSanPham, kichCo, mauSac, soLuong, giaNhap) VALUES ('QS214810101222', 'XS', 'hong', 16, 199500)
INSERT INTO ChiTietSanPham(maSanPham, kichCo, mauSac, soLuong, giaNhap) VALUES ('QS214810101222', 'S', 'hong', 5, 199500)
INSERT INTO ChiTietSanPham(maSanPham, kichCo, mauSac, soLuong, giaNhap) VALUES ('QS214810101222', 'M', 'hong', 10, 199500)
INSERT INTO ChiTietSanPham(maSanPham, kichCo, mauSac, soLuong, giaNhap) VALUES ('QS214810101222', 'XS', 'vang chanh', 10, 199500)
INSERT INTO ChiTietSanPham(maSanPham, kichCo, mauSac, soLuong, giaNhap) VALUES ('QS214810101222', 'S', 'vang chanh', 22, 199500)
INSERT INTO ChiTietSanPham(maSanPham, kichCo, mauSac, soLuong, giaNhap) VALUES ('QS214810101222', 'M', 'vang chanh', 13, 199500)
INSERT INTO ChiTietSanPham(maSanPham, kichCo, mauSac, soLuong, giaNhap) VALUES ('QS214810101222', 'XS', 'xanh ngoc', 12, 199500)
INSERT INTO ChiTietSanPham(maSanPham, kichCo, mauSac, soLuong, giaNhap) VALUES ('QS214810101222', 'S', 'xanh ngoc', 11, 199500)
INSERT INTO ChiTietSanPham(maSanPham, kichCo, mauSac, soLuong, giaNhap) VALUES ('QS214810101222', 'M', 'xanh ngoc', 14, 199500)
INSERT INTO ChiTietSanPham(maSanPham, kichCo, mauSac, soLuong, giaNhap) VALUES ('QS214810101222', 'XS', 'hong sen', 3, 199500)
INSERT INTO ChiTietSanPham(maSanPham, kichCo, mauSac, soLuong, giaNhap) VALUES ('QS214810101222', 'S', 'hong sen', 17, 199500)
INSERT INTO ChiTietSanPham(maSanPham, kichCo, mauSac, soLuong, giaNhap) VALUES ('QS214810101222', 'M', 'hong sen', 14, 199500)
INSERT INTO ChiTietSanPham(maSanPham, kichCo, mauSac, soLuong, giaNhap) VALUES ('QS214810101222', 'XS', 'xanh den', 12, 199500)
INSERT INTO ChiTietSanPham(maSanPham, kichCo, mauSac, soLuong, giaNhap) VALUES ('QS214810101222', 'S', 'xanh den', 5, 199500)
INSERT INTO ChiTietSanPham(maSanPham, kichCo, mauSac, soLuong, giaNhap) VALUES ('QS214810101222', 'M', 'xanh den', 3, 199500)
INSERT INTO ChiTietSanPham(maSanPham, kichCo, mauSac, soLuong, giaNhap) VALUES ('QS214810101222', 'XS', 'vang', 9, 199500)
INSERT INTO ChiTietSanPham(maSanPham, kichCo, mauSac, soLuong, giaNhap) VALUES ('QS214810101222', 'S', 'vang', 10, 199500)
INSERT INTO ChiTietSanPham(maSanPham, kichCo, mauSac, soLuong, giaNhap) VALUES ('QS214810101222', 'M', 'vang', 13, 199500)
INSERT INTO ChiTietSanPham(maSanPham, kichCo, mauSac, soLuong, giaNhap) VALUES ('AT224810101222', 'XS', 'xanh bien', 21, 250000)
INSERT INTO ChiTietSanPham(maSanPham, kichCo, mauSac, soLuong, giaNhap) VALUES ('AT224810101222', 'S', 'xanh bien', 2, 250000)
INSERT INTO ChiTietSanPham(maSanPham, kichCo, mauSac, soLuong, giaNhap) VALUES ('AT224810101222', 'XS', 'xam', 19, 250000)
INSERT INTO ChiTietSanPham(maSanPham, kichCo, mauSac, soLuong, giaNhap) VALUES ('AT224810101222', 'S', 'xam', 9, 250000)
INSERT INTO ChiTietSanPham(maSanPham, kichCo, mauSac, soLuong, giaNhap) VALUES ('AT224810101222', 'XS', 'cam dam', 14, 250000)
INSERT INTO ChiTietSanPham(maSanPham, kichCo, mauSac, soLuong, giaNhap) VALUES ('AT224810101222', 'S', 'cam dam', 11, 250000)
INSERT INTO ChiTietSanPham(maSanPham, kichCo, mauSac, soLuong, giaNhap) VALUES ('AT224810101222', 'XS', 'xam dom', 9, 250000)
INSERT INTO ChiTietSanPham(maSanPham, kichCo, mauSac, soLuong, giaNhap) VALUES ('AT224810101222', 'S', 'xam dom', 13, 250000)
INSERT INTO ChiTietSanPham(maSanPham, kichCo, mauSac, soLuong, giaNhap) VALUES ('AT224810101222', 'XS', 'tim', 4, 250000)
INSERT INTO ChiTietSanPham(maSanPham, kichCo, mauSac, soLuong, giaNhap) VALUES ('AT224810101222', 'S', 'tim', 13, 250000)
INSERT INTO ChiTietSanPham(maSanPham, kichCo, mauSac, soLuong, giaNhap) VALUES ('AT224810101222', 'XS', 'hong', 21, 250000)
INSERT INTO ChiTietSanPham(maSanPham, kichCo, mauSac, soLuong, giaNhap) VALUES ('AT224810101222', 'S', 'hong', 11, 250000)
INSERT INTO ChiTietSanPham(maSanPham, kichCo, mauSac, soLuong, giaNhap) VALUES ('AT224810101222', 'XS', 'xanh la', 10, 250000)
INSERT INTO ChiTietSanPham(maSanPham, kichCo, mauSac, soLuong, giaNhap) VALUES ('AT224810101222', 'S', 'xanh la', 16, 250000)
INSERT INTO ChiTietSanPham(maSanPham, kichCo, mauSac, soLuong, giaNhap) VALUES ('AT224810101222', 'XS', 'da dam', 15, 250000)
INSERT INTO ChiTietSanPham(maSanPham, kichCo, mauSac, soLuong, giaNhap) VALUES ('AT224810101222', 'S', 'da dam', 12, 250000)
INSERT INTO ChiTietSanPham(maSanPham, kichCo, mauSac, soLuong, giaNhap) VALUES ('AT224810101222', 'XS', 'vang', 8, 250000)
INSERT INTO ChiTietSanPham(maSanPham, kichCo, mauSac, soLuong, giaNhap) VALUES ('AT224810101222', 'S', 'vang', 14, 250000)
INSERT INTO ChiTietSanPham(maSanPham, kichCo, mauSac, soLuong, giaNhap) VALUES ('AT224810101222', 'XS', 'vang cuc', 4, 250000)
INSERT INTO ChiTietSanPham(maSanPham, kichCo, mauSac, soLuong, giaNhap) VALUES ('AT224810101222', 'S', 'vang cuc', 9, 250000)
INSERT INTO ChiTietSanPham(maSanPham, kichCo, mauSac, soLuong, giaNhap) VALUES ('AT224810101222', 'XS', 'da nhat', 10, 250000)
INSERT INTO ChiTietSanPham(maSanPham, kichCo, mauSac, soLuong, giaNhap) VALUES ('AT224810101222', 'S', 'da nhat', 21, 250000)
INSERT INTO ChiTietSanPham(maSanPham, kichCo, mauSac, soLuong, giaNhap) VALUES ('AT234810101222', 'XS', 'xanh duong', 15, 280000)
INSERT INTO ChiTietSanPham(maSanPham, kichCo, mauSac, soLuong, giaNhap) VALUES ('AT234810101222', 'S', 'xanh duong', 11, 280000)
INSERT INTO ChiTietSanPham(maSanPham, kichCo, mauSac, soLuong, giaNhap) VALUES ('AT234810101222', 'XS', 'hong nhat', 7, 280000)
INSERT INTO ChiTietSanPham(maSanPham, kichCo, mauSac, soLuong, giaNhap) VALUES ('AT234810101222', 'S', 'hong nhat', 9, 280000)
INSERT INTO ChiTietSanPham(maSanPham, kichCo, mauSac, soLuong, giaNhap) VALUES ('AT234810101222', 'XS', 'vang', 16, 280000)
INSERT INTO ChiTietSanPham(maSanPham, kichCo, mauSac, soLuong, giaNhap) VALUES ('AT234810101222', 'S', 'vang', 11, 280000)
INSERT INTO ChiTietSanPham(maSanPham, kichCo, mauSac, soLuong, giaNhap) VALUES ('AT234810101222', 'XS', 'hong sen', 13, 280000)
INSERT INTO ChiTietSanPham(maSanPham, kichCo, mauSac, soLuong, giaNhap) VALUES ('AT234810101222', 'S', 'hong sen', 21, 280000)
INSERT INTO ChiTietSanPham(maSanPham, kichCo, mauSac, soLuong, giaNhap) VALUES ('AT234810101222', 'XS', 'xam', 12, 280000)
INSERT INTO ChiTietSanPham(maSanPham, kichCo, mauSac, soLuong, giaNhap) VALUES ('AT234810101222', 'S', 'xam', 13, 280000)
INSERT INTO ChiTietSanPham(maSanPham, kichCo, mauSac, soLuong, giaNhap) VALUES ('ASM254810101222', 'XS', 'vang cuc', 10, 457000)
INSERT INTO ChiTietSanPham(maSanPham, kichCo, mauSac, soLuong, giaNhap) VALUES ('ASM254810101222', 'S', 'vang cuc', 5, 457000)
INSERT INTO ChiTietSanPham(maSanPham, kichCo, mauSac, soLuong, giaNhap) VALUES ('ASM254810101222', 'XS', 'reu', 21, 457000)
INSERT INTO ChiTietSanPham(maSanPham, kichCo, mauSac, soLuong, giaNhap) VALUES ('ASM254810101222', 'S', 'reu', 14, 457000)
INSERT INTO ChiTietSanPham(maSanPham, kichCo, mauSac, soLuong, giaNhap) VALUES ('ASM254810101222', 'XS', 'xam dom', 11, 457000)
INSERT INTO ChiTietSanPham(maSanPham, kichCo, mauSac, soLuong, giaNhap) VALUES ('ASM254810101222', 'S', 'xam dom', 8, 457000)
INSERT INTO ChiTietSanPham(maSanPham, kichCo, mauSac, soLuong, giaNhap) VALUES ('ASM254810101222', 'XS', 'vang', 10, 457000)
INSERT INTO ChiTietSanPham(maSanPham, kichCo, mauSac, soLuong, giaNhap) VALUES ('ASM254810101222', 'S', 'vang', 11, 457000)
INSERT INTO ChiTietSanPham(maSanPham, kichCo, mauSac, soLuong, giaNhap) VALUES ('ASM254810101222', 'XS', 'do hong', 16, 457000)
INSERT INTO ChiTietSanPham(maSanPham, kichCo, mauSac, soLuong, giaNhap) VALUES ('ASM254810101222', 'S', 'do hong', 12, 457000)
INSERT INTO ChiTietSanPham(maSanPham, kichCo, mauSac, soLuong, giaNhap) VALUES ('ASM254810101222', 'XS', 'vang chanh', 9, 457000)
INSERT INTO ChiTietSanPham(maSanPham, kichCo, mauSac, soLuong, giaNhap) VALUES ('ASM254810101222', 'S', 'vang chanh', 14, 457000)
INSERT INTO ChiTietSanPham(maSanPham, kichCo, mauSac, soLuong, giaNhap) VALUES ('ASM254810101222', 'XS', 'xanh chuoi', 5, 457000)
INSERT INTO ChiTietSanPham(maSanPham, kichCo, mauSac, soLuong, giaNhap) VALUES ('ASM254810101222', 'S', 'xanh chuoi', 9, 457000)
INSERT INTO ChiTietSanPham(maSanPham, kichCo, mauSac, soLuong, giaNhap) VALUES ('ASM254810101222', 'XS', 'xanh duong', 8, 457000)
INSERT INTO ChiTietSanPham(maSanPham, kichCo, mauSac, soLuong, giaNhap) VALUES ('ASM254810101222', 'S', 'xanh duong', 17, 457000)
INSERT INTO ChiTietSanPham(maSanPham, kichCo, mauSac, soLuong, giaNhap) VALUES ('ASM264810101222', 'XS', 'hong nhat', 10, 275000)
INSERT INTO ChiTietSanPham(maSanPham, kichCo, mauSac, soLuong, giaNhap) VALUES ('ASM264810101222', 'S', 'hong nhat', 14, 275000)
INSERT INTO ChiTietSanPham(maSanPham, kichCo, mauSac, soLuong, giaNhap) VALUES ('ASM264810101222', 'M', 'hong nhat', 13, 275000)
INSERT INTO ChiTietSanPham(maSanPham, kichCo, mauSac, soLuong, giaNhap) VALUES ('ASM264810101222', 'XS', 'xanh den', 10, 275000)
INSERT INTO ChiTietSanPham(maSanPham, kichCo, mauSac, soLuong, giaNhap) VALUES ('ASM264810101222', 'S', 'xanh den', 2, 275000)
INSERT INTO ChiTietSanPham(maSanPham, kichCo, mauSac, soLuong, giaNhap) VALUES ('ASM264810101222', 'M', 'xanh den', 14, 275000)
INSERT INTO ChiTietSanPham(maSanPham, kichCo, mauSac, soLuong, giaNhap) VALUES ('ASM264810101222', 'XS', 'reu', 12, 275000)
INSERT INTO ChiTietSanPham(maSanPham, kichCo, mauSac, soLuong, giaNhap) VALUES ('ASM264810101222', 'S', 'reu', 4, 275000)
INSERT INTO ChiTietSanPham(maSanPham, kichCo, mauSac, soLuong, giaNhap) VALUES ('ASM264810101222', 'M', 'reu', 13, 275000)
INSERT INTO ChiTietSanPham(maSanPham, kichCo, mauSac, soLuong, giaNhap) VALUES ('ASM264810101222', 'XS', 'vang cuc', 9, 275000)
INSERT INTO ChiTietSanPham(maSanPham, kichCo, mauSac, soLuong, giaNhap) VALUES ('ASM264810101222', 'S', 'vang cuc', 11, 275000)
INSERT INTO ChiTietSanPham(maSanPham, kichCo, mauSac, soLuong, giaNhap) VALUES ('ASM264810101222', 'M', 'vang cuc', 17, 275000)
INSERT INTO ChiTietSanPham(maSanPham, kichCo, mauSac, soLuong, giaNhap) VALUES ('ASM264810101222', 'XS', 'vang xam', 22, 275000)
INSERT INTO ChiTietSanPham(maSanPham, kichCo, mauSac, soLuong, giaNhap) VALUES ('ASM264810101222', 'S', 'vang xam', 12, 275000)
INSERT INTO ChiTietSanPham(maSanPham, kichCo, mauSac, soLuong, giaNhap) VALUES ('ASM264810101222', 'M', 'vang xam', 15, 275000)
INSERT INTO ChiTietSanPham(maSanPham, kichCo, mauSac, soLuong, giaNhap) VALUES ('ASM264810101222', 'XS', 'hong', 14, 275000)
INSERT INTO ChiTietSanPham(maSanPham, kichCo, mauSac, soLuong, giaNhap) VALUES ('ASM264810101222', 'S', 'hong', 20, 275000)
INSERT INTO ChiTietSanPham(maSanPham, kichCo, mauSac, soLuong, giaNhap) VALUES ('ASM264810101222', 'M', 'hong', 13, 275000)
INSERT INTO ChiTietSanPham(maSanPham, kichCo, mauSac, soLuong, giaNhap) VALUES ('ASM264810101222', 'XS', 'xanh duong', 8, 275000)
INSERT INTO ChiTietSanPham(maSanPham, kichCo, mauSac, soLuong, giaNhap) VALUES ('ASM264810101222', 'S', 'xanh duong', 11, 275000)
INSERT INTO ChiTietSanPham(maSanPham, kichCo, mauSac, soLuong, giaNhap) VALUES ('ASM264810101222', 'M', 'xanh duong', 10, 275000)
INSERT INTO ChiTietSanPham(maSanPham, kichCo, mauSac, soLuong, giaNhap) VALUES ('ASM264810101222', 'XS', 'tim', 19, 275000)
INSERT INTO ChiTietSanPham(maSanPham, kichCo, mauSac, soLuong, giaNhap) VALUES ('ASM264810101222', 'S', 'tim', 10, 275000)
INSERT INTO ChiTietSanPham(maSanPham, kichCo, mauSac, soLuong, giaNhap) VALUES ('ASM264810101222', 'M', 'tim', 12, 275000)
INSERT INTO ChiTietSanPham(maSanPham, kichCo, mauSac, soLuong, giaNhap) VALUES ('ASM264810101222', 'XS', 'cam dam', 16, 275000)
INSERT INTO ChiTietSanPham(maSanPham, kichCo, mauSac, soLuong, giaNhap) VALUES ('ASM264810101222', 'S', 'cam dam', 8, 275000)
INSERT INTO ChiTietSanPham(maSanPham, kichCo, mauSac, soLuong, giaNhap) VALUES ('ASM264810101222', 'M', 'cam dam', 11, 275000)
INSERT INTO ChiTietSanPham(maSanPham, kichCo, mauSac, soLuong, giaNhap) VALUES ('ASM264810101222', 'XS', 'vang chanh', 9, 275000)
INSERT INTO ChiTietSanPham(maSanPham, kichCo, mauSac, soLuong, giaNhap) VALUES ('ASM264810101222', 'S', 'vang chanh', 12, 275000)
INSERT INTO ChiTietSanPham(maSanPham, kichCo, mauSac, soLuong, giaNhap) VALUES ('ASM264810101222', 'M', 'vang chanh', 7, 275000)
INSERT INTO ChiTietSanPham(maSanPham, kichCo, mauSac, soLuong, giaNhap) VALUES ('QV274810101222', 'XS', 'hong sen', 13, 336000)
INSERT INTO ChiTietSanPham(maSanPham, kichCo, mauSac, soLuong, giaNhap) VALUES ('QV274810101222', 'S', 'hong sen', 17, 336000)
INSERT INTO ChiTietSanPham(maSanPham, kichCo, mauSac, soLuong, giaNhap) VALUES ('QV274810101222', 'M', 'hong sen', 20, 336000)
INSERT INTO ChiTietSanPham(maSanPham, kichCo, mauSac, soLuong, giaNhap) VALUES ('QV274810101222', 'L', 'hong sen', 19, 336000)
INSERT INTO ChiTietSanPham(maSanPham, kichCo, mauSac, soLuong, giaNhap) VALUES ('QV274810101222', 'XS', 'den', 6, 336000)
INSERT INTO ChiTietSanPham(maSanPham, kichCo, mauSac, soLuong, giaNhap) VALUES ('QV274810101222', 'S', 'den', 18, 336000)
INSERT INTO ChiTietSanPham(maSanPham, kichCo, mauSac, soLuong, giaNhap) VALUES ('QV274810101222', 'M', 'den', 14, 336000)
INSERT INTO ChiTietSanPham(maSanPham, kichCo, mauSac, soLuong, giaNhap) VALUES ('QV274810101222', 'L', 'den', 13, 336000)
INSERT INTO ChiTietSanPham(maSanPham, kichCo, mauSac, soLuong, giaNhap) VALUES ('QV274810101222', 'XS', 'vang xam', 17, 336000)
INSERT INTO ChiTietSanPham(maSanPham, kichCo, mauSac, soLuong, giaNhap) VALUES ('QV274810101222', 'S', 'vang xam', 19, 336000)
INSERT INTO ChiTietSanPham(maSanPham, kichCo, mauSac, soLuong, giaNhap) VALUES ('QV274810101222', 'M', 'vang xam', 8, 336000)
INSERT INTO ChiTietSanPham(maSanPham, kichCo, mauSac, soLuong, giaNhap) VALUES ('QV274810101222', 'L', 'vang xam', 4, 336000)
INSERT INTO ChiTietSanPham(maSanPham, kichCo, mauSac, soLuong, giaNhap) VALUES ('QV274810101222', 'XS', 'xam den', 14, 336000)
INSERT INTO ChiTietSanPham(maSanPham, kichCo, mauSac, soLuong, giaNhap) VALUES ('QV274810101222', 'S', 'xam den', 6, 336000)
INSERT INTO ChiTietSanPham(maSanPham, kichCo, mauSac, soLuong, giaNhap) VALUES ('QV274810101222', 'M', 'xam den', 11, 336000)
INSERT INTO ChiTietSanPham(maSanPham, kichCo, mauSac, soLuong, giaNhap) VALUES ('QV274810101222', 'L', 'xam den', 11, 336000)
INSERT INTO ChiTietSanPham(maSanPham, kichCo, mauSac, soLuong, giaNhap) VALUES ('QV274810101222', 'XS', 'vang chanh', 13, 336000)
INSERT INTO ChiTietSanPham(maSanPham, kichCo, mauSac, soLuong, giaNhap) VALUES ('QV274810101222', 'S', 'vang chanh', 6, 336000)
INSERT INTO ChiTietSanPham(maSanPham, kichCo, mauSac, soLuong, giaNhap) VALUES ('QV274810101222', 'M', 'vang chanh', 10, 336000)
INSERT INTO ChiTietSanPham(maSanPham, kichCo, mauSac, soLuong, giaNhap) VALUES ('QV274810101222', 'L', 'vang chanh', 10, 336000)
INSERT INTO ChiTietSanPham(maSanPham, kichCo, mauSac, soLuong, giaNhap) VALUES ('QV274810101222', 'XS', 'vang cuc', 8, 336000)
INSERT INTO ChiTietSanPham(maSanPham, kichCo, mauSac, soLuong, giaNhap) VALUES ('QV274810101222', 'S', 'vang cuc', 7, 336000)
INSERT INTO ChiTietSanPham(maSanPham, kichCo, mauSac, soLuong, giaNhap) VALUES ('QV274810101222', 'M', 'vang cuc', 20, 336000)
INSERT INTO ChiTietSanPham(maSanPham, kichCo, mauSac, soLuong, giaNhap) VALUES ('QV274810101222', 'L', 'vang cuc', 15, 336000)
INSERT INTO ChiTietSanPham(maSanPham, kichCo, mauSac, soLuong, giaNhap) VALUES ('QV274810101222', 'XS', 'cam dam', 10, 336000)
INSERT INTO ChiTietSanPham(maSanPham, kichCo, mauSac, soLuong, giaNhap) VALUES ('QV274810101222', 'S', 'cam dam', 4, 336000)
INSERT INTO ChiTietSanPham(maSanPham, kichCo, mauSac, soLuong, giaNhap) VALUES ('QV274810101222', 'M', 'cam dam', 21, 336000)
INSERT INTO ChiTietSanPham(maSanPham, kichCo, mauSac, soLuong, giaNhap) VALUES ('QV274810101222', 'L', 'cam dam', 16, 336000)
INSERT INTO ChiTietSanPham(maSanPham, kichCo, mauSac, soLuong, giaNhap) VALUES ('QV274810101222', 'XS', 'xanh bien', 11, 336000)
INSERT INTO ChiTietSanPham(maSanPham, kichCo, mauSac, soLuong, giaNhap) VALUES ('QV274810101222', 'S', 'xanh bien', 13, 336000)
INSERT INTO ChiTietSanPham(maSanPham, kichCo, mauSac, soLuong, giaNhap) VALUES ('QV274810101222', 'M', 'xanh bien', 12, 336000)
INSERT INTO ChiTietSanPham(maSanPham, kichCo, mauSac, soLuong, giaNhap) VALUES ('QV274810101222', 'L', 'xanh bien', 8, 336000)
INSERT INTO ChiTietSanPham(maSanPham, kichCo, mauSac, soLuong, giaNhap) VALUES ('QV274810101222', 'XS', 'xanh den', 3, 336000)
INSERT INTO ChiTietSanPham(maSanPham, kichCo, mauSac, soLuong, giaNhap) VALUES ('QV274810101222', 'S', 'xanh den', 8, 336000)
INSERT INTO ChiTietSanPham(maSanPham, kichCo, mauSac, soLuong, giaNhap) VALUES ('QV274810101222', 'M', 'xanh den', 23, 336000)
INSERT INTO ChiTietSanPham(maSanPham, kichCo, mauSac, soLuong, giaNhap) VALUES ('QV274810101222', 'L', 'xanh den', 18, 336000)
INSERT INTO ChiTietSanPham(maSanPham, kichCo, mauSac, soLuong, giaNhap) VALUES ('QV274810101222', 'XS', 'da dam', 9, 336000)
INSERT INTO ChiTietSanPham(maSanPham, kichCo, mauSac, soLuong, giaNhap) VALUES ('QV274810101222', 'S', 'da dam', 12, 336000)
INSERT INTO ChiTietSanPham(maSanPham, kichCo, mauSac, soLuong, giaNhap) VALUES ('QV274810101222', 'M', 'da dam', 12, 336000)
INSERT INTO ChiTietSanPham(maSanPham, kichCo, mauSac, soLuong, giaNhap) VALUES ('QV274810101222', 'L', 'da dam', 12, 336000)
INSERT INTO ChiTietSanPham(maSanPham, kichCo, mauSac, soLuong, giaNhap) VALUES ('QV274810101222', 'XS', 'xanh la', 14, 336000)
INSERT INTO ChiTietSanPham(maSanPham, kichCo, mauSac, soLuong, giaNhap) VALUES ('QV274810101222', 'S', 'xanh la', 10, 336000)
INSERT INTO ChiTietSanPham(maSanPham, kichCo, mauSac, soLuong, giaNhap) VALUES ('QV274810101222', 'M', 'xanh la', 3, 336000)
INSERT INTO ChiTietSanPham(maSanPham, kichCo, mauSac, soLuong, giaNhap) VALUES ('QV274810101222', 'L', 'xanh la', 17, 336000)
INSERT INTO ChiTietSanPham(maSanPham, kichCo, mauSac, soLuong, giaNhap) VALUES ('QV274810101222', 'XS', 'reu', 10, 336000)
INSERT INTO ChiTietSanPham(maSanPham, kichCo, mauSac, soLuong, giaNhap) VALUES ('QV274810101222', 'S', 'reu', 12, 336000)
INSERT INTO ChiTietSanPham(maSanPham, kichCo, mauSac, soLuong, giaNhap) VALUES ('QV274810101222', 'M', 'reu', 16, 336000)
INSERT INTO ChiTietSanPham(maSanPham, kichCo, mauSac, soLuong, giaNhap) VALUES ('QV274810101222', 'L', 'reu', 10, 336000)
INSERT INTO ChiTietSanPham(maSanPham, kichCo, mauSac, soLuong, giaNhap) VALUES ('DSN284810101222', 'XS', 'den', 12, 264000)
INSERT INTO ChiTietSanPham(maSanPham, kichCo, mauSac, soLuong, giaNhap) VALUES ('DSN284810101222', 'S', 'den', 12, 264000)
INSERT INTO ChiTietSanPham(maSanPham, kichCo, mauSac, soLuong, giaNhap) VALUES ('DSN284810101222', 'M', 'den', 17, 264000)
INSERT INTO ChiTietSanPham(maSanPham, kichCo, mauSac, soLuong, giaNhap) VALUES ('DSN284810101222', 'XS', 'trang', 10, 264000)
INSERT INTO ChiTietSanPham(maSanPham, kichCo, mauSac, soLuong, giaNhap) VALUES ('DSN284810101222', 'S', 'trang', 12, 264000)
INSERT INTO ChiTietSanPham(maSanPham, kichCo, mauSac, soLuong, giaNhap) VALUES ('DSN284810101222', 'M', 'trang', 17, 264000)
INSERT INTO ChiTietSanPham(maSanPham, kichCo, mauSac, soLuong, giaNhap) VALUES ('DSN284810101222', 'XS', 'vang', 10, 264000)
INSERT INTO ChiTietSanPham(maSanPham, kichCo, mauSac, soLuong, giaNhap) VALUES ('DSN284810101222', 'S', 'vang', 17, 264000)
INSERT INTO ChiTietSanPham(maSanPham, kichCo, mauSac, soLuong, giaNhap) VALUES ('DSN284810101222', 'M', 'vang', 22, 264000)
INSERT INTO ChiTietSanPham(maSanPham, kichCo, mauSac, soLuong, giaNhap) VALUES ('QJ294810101222', 'XS', 'vang cuc', 14, 588000)
INSERT INTO ChiTietSanPham(maSanPham, kichCo, mauSac, soLuong, giaNhap) VALUES ('QJ294810101222', 'S', 'vang cuc', 9, 588000)
INSERT INTO ChiTietSanPham(maSanPham, kichCo, mauSac, soLuong, giaNhap) VALUES ('QJ294810101222', 'M', 'vang cuc', 10, 588000)
INSERT INTO ChiTietSanPham(maSanPham, kichCo, mauSac, soLuong, giaNhap) VALUES ('QJ294810101222', 'XS', 'do hong', 13, 588000)
INSERT INTO ChiTietSanPham(maSanPham, kichCo, mauSac, soLuong, giaNhap) VALUES ('QJ294810101222', 'S', 'do hong', 18, 588000)
INSERT INTO ChiTietSanPham(maSanPham, kichCo, mauSac, soLuong, giaNhap) VALUES ('QJ294810101222', 'M', 'do hong', 11, 588000)
INSERT INTO ChiTietSanPham(maSanPham, kichCo, mauSac, soLuong, giaNhap) VALUES ('QJ294810101222', 'XS', 'xam den', 13, 588000)
INSERT INTO ChiTietSanPham(maSanPham, kichCo, mauSac, soLuong, giaNhap) VALUES ('QJ294810101222', 'S', 'xam den', 11, 588000)
INSERT INTO ChiTietSanPham(maSanPham, kichCo, mauSac, soLuong, giaNhap) VALUES ('QJ294810101222', 'M', 'xam den', 4, 588000)
INSERT INTO ChiTietSanPham(maSanPham, kichCo, mauSac, soLuong, giaNhap) VALUES ('QJ294810101222', 'XS', 'da dam', 15, 588000)
INSERT INTO ChiTietSanPham(maSanPham, kichCo, mauSac, soLuong, giaNhap) VALUES ('QJ294810101222', 'S', 'da dam', 10, 588000)
INSERT INTO ChiTietSanPham(maSanPham, kichCo, mauSac, soLuong, giaNhap) VALUES ('QJ294810101222', 'M', 'da dam', 11, 588000)
INSERT INTO ChiTietSanPham(maSanPham, kichCo, mauSac, soLuong, giaNhap) VALUES ('QJ294810101222', 'XS', 'xanh chuoi', 10, 588000)
INSERT INTO ChiTietSanPham(maSanPham, kichCo, mauSac, soLuong, giaNhap) VALUES ('QJ294810101222', 'S', 'xanh chuoi', 5, 588000)
INSERT INTO ChiTietSanPham(maSanPham, kichCo, mauSac, soLuong, giaNhap) VALUES ('QJ294810101222', 'M', 'xanh chuoi', 13, 588000)
INSERT INTO ChiTietSanPham(maSanPham, kichCo, mauSac, soLuong, giaNhap) VALUES ('QJ294810101222', 'XS', 'den', 10, 588000)
INSERT INTO ChiTietSanPham(maSanPham, kichCo, mauSac, soLuong, giaNhap) VALUES ('QJ294810101222', 'S', 'den', 8, 588000)
INSERT INTO ChiTietSanPham(maSanPham, kichCo, mauSac, soLuong, giaNhap) VALUES ('QJ294810101222', 'M', 'den', 10, 588000)
INSERT INTO ChiTietSanPham(maSanPham, kichCo, mauSac, soLuong, giaNhap) VALUES ('QJ294810101222', 'XS', 'xanh bien', 13, 588000)
INSERT INTO ChiTietSanPham(maSanPham, kichCo, mauSac, soLuong, giaNhap) VALUES ('QJ294810101222', 'S', 'xanh bien', 14, 588000)
INSERT INTO ChiTietSanPham(maSanPham, kichCo, mauSac, soLuong, giaNhap) VALUES ('QJ294810101222', 'M', 'xanh bien', 11, 588000)
INSERT INTO ChiTietSanPham(maSanPham, kichCo, mauSac, soLuong, giaNhap) VALUES ('QJ294810101222', 'XS', 'reu', 13, 588000)
INSERT INTO ChiTietSanPham(maSanPham, kichCo, mauSac, soLuong, giaNhap) VALUES ('QJ294810101222', 'S', 'reu', 13, 588000)
INSERT INTO ChiTietSanPham(maSanPham, kichCo, mauSac, soLuong, giaNhap) VALUES ('QJ294810101222', 'M', 'reu', 13, 588000)
INSERT INTO ChiTietSanPham(maSanPham, kichCo, mauSac, soLuong, giaNhap) VALUES ('QJ294810101222', 'XS', 'hong nhat', 7, 588000)
INSERT INTO ChiTietSanPham(maSanPham, kichCo, mauSac, soLuong, giaNhap) VALUES ('QJ294810101222', 'S', 'hong nhat', 13, 588000)
INSERT INTO ChiTietSanPham(maSanPham, kichCo, mauSac, soLuong, giaNhap) VALUES ('QJ294810101222', 'M', 'hong nhat', 16, 588000)
INSERT INTO ChiTietSanPham(maSanPham, kichCo, mauSac, soLuong, giaNhap) VALUES ('QJ294810101222', 'XS', 'vang', 16, 588000)
INSERT INTO ChiTietSanPham(maSanPham, kichCo, mauSac, soLuong, giaNhap) VALUES ('QJ294810101222', 'S', 'vang', 5, 588000)
INSERT INTO ChiTietSanPham(maSanPham, kichCo, mauSac, soLuong, giaNhap) VALUES ('QJ294810101222', 'M', 'vang', 12, 588000)
INSERT INTO ChiTietSanPham(maSanPham, kichCo, mauSac, soLuong, giaNhap) VALUES ('QJ294810101222', 'XS', 'do tuoi', 14, 588000)
INSERT INTO ChiTietSanPham(maSanPham, kichCo, mauSac, soLuong, giaNhap) VALUES ('QJ294810101222', 'S', 'do tuoi', 10, 588000)
INSERT INTO ChiTietSanPham(maSanPham, kichCo, mauSac, soLuong, giaNhap) VALUES ('QJ294810101222', 'M', 'do tuoi', 14, 588000)
INSERT INTO ChiTietSanPham(maSanPham, kichCo, mauSac, soLuong, giaNhap) VALUES ('QJ294810101222', 'XS', 'xam', 14, 588000)
INSERT INTO ChiTietSanPham(maSanPham, kichCo, mauSac, soLuong, giaNhap) VALUES ('QJ294810101222', 'S', 'xam', 5, 588000)
INSERT INTO ChiTietSanPham(maSanPham, kichCo, mauSac, soLuong, giaNhap) VALUES ('QJ294810101222', 'M', 'xam', 13, 588000)
INSERT INTO ChiTietSanPham(maSanPham, kichCo, mauSac, soLuong, giaNhap) VALUES ('QJ294810101222', 'XS', 'cam', 14, 588000)
INSERT INTO ChiTietSanPham(maSanPham, kichCo, mauSac, soLuong, giaNhap) VALUES ('QJ294810101222', 'S', 'cam', 15, 588000)
INSERT INTO ChiTietSanPham(maSanPham, kichCo, mauSac, soLuong, giaNhap) VALUES ('QJ294810101222', 'M', 'cam', 8, 588000)
INSERT INTO ChiTietSanPham(maSanPham, kichCo, mauSac, soLuong, giaNhap) VALUES ('CV304810101222', 'XS', 'do hong', 16, 440000)
INSERT INTO ChiTietSanPham(maSanPham, kichCo, mauSac, soLuong, giaNhap) VALUES ('CV304810101222', 'S', 'do hong', 14, 440000)
INSERT INTO ChiTietSanPham(maSanPham, kichCo, mauSac, soLuong, giaNhap) VALUES ('CV304810101222', 'M', 'do hong', 10, 440000)
INSERT INTO ChiTietSanPham(maSanPham, kichCo, mauSac, soLuong, giaNhap) VALUES ('CV304810101222', 'L', 'do hong', 13, 440000)
INSERT INTO ChiTietSanPham(maSanPham, kichCo, mauSac, soLuong, giaNhap) VALUES ('CV304810101222', 'XS', 'reu', 13, 440000)
INSERT INTO ChiTietSanPham(maSanPham, kichCo, mauSac, soLuong, giaNhap) VALUES ('CV304810101222', 'S', 'reu', 13, 440000)
INSERT INTO ChiTietSanPham(maSanPham, kichCo, mauSac, soLuong, giaNhap) VALUES ('CV304810101222', 'M', 'reu', 17, 440000)
INSERT INTO ChiTietSanPham(maSanPham, kichCo, mauSac, soLuong, giaNhap) VALUES ('CV304810101222', 'L', 'reu', 13, 440000)
INSERT INTO ChiTietSanPham(maSanPham, kichCo, mauSac, soLuong, giaNhap) VALUES ('CV304810101222', 'XS', 'den', 12, 440000)
INSERT INTO ChiTietSanPham(maSanPham, kichCo, mauSac, soLuong, giaNhap) VALUES ('CV304810101222', 'S', 'den', 13, 440000)
INSERT INTO ChiTietSanPham(maSanPham, kichCo, mauSac, soLuong, giaNhap) VALUES ('CV304810101222', 'M', 'den', 13, 440000)
INSERT INTO ChiTietSanPham(maSanPham, kichCo, mauSac, soLuong, giaNhap) VALUES ('CV304810101222', 'L', 'den', 9, 440000)
INSERT INTO ChiTietSanPham(maSanPham, kichCo, mauSac, soLuong, giaNhap) VALUES ('CV304810101222', 'XS', 'xam dom', 5, 440000)
INSERT INTO ChiTietSanPham(maSanPham, kichCo, mauSac, soLuong, giaNhap) VALUES ('CV304810101222', 'S', 'xam dom', 8, 440000)
INSERT INTO ChiTietSanPham(maSanPham, kichCo, mauSac, soLuong, giaNhap) VALUES ('CV304810101222', 'M', 'xam dom', 14, 440000)
INSERT INTO ChiTietSanPham(maSanPham, kichCo, mauSac, soLuong, giaNhap) VALUES ('CV304810101222', 'L', 'xam dom', 8, 440000)
INSERT INTO ChiTietSanPham(maSanPham, kichCo, mauSac, soLuong, giaNhap) VALUES ('VQ314810101222', 'XS', 'do hong', 10, 440000)
INSERT INTO ChiTietSanPham(maSanPham, kichCo, mauSac, soLuong, giaNhap) VALUES ('VQ314810101222', 'S', 'do hong', 2, 440000)
INSERT INTO ChiTietSanPham(maSanPham, kichCo, mauSac, soLuong, giaNhap) VALUES ('VQ314810101222', 'M', 'do hong', 17, 440000)
INSERT INTO ChiTietSanPham(maSanPham, kichCo, mauSac, soLuong, giaNhap) VALUES ('VQ314810101222', 'XS', 'xam', 11, 440000)
INSERT INTO ChiTietSanPham(maSanPham, kichCo, mauSac, soLuong, giaNhap) VALUES ('VQ314810101222', 'S', 'xam', 14, 440000)
INSERT INTO ChiTietSanPham(maSanPham, kichCo, mauSac, soLuong, giaNhap) VALUES ('VQ314810101222', 'M', 'xam', 14, 440000)
INSERT INTO ChiTietSanPham(maSanPham, kichCo, mauSac, soLuong, giaNhap) VALUES ('VQ314810101222', 'XS', 'xanh ngoc', 15, 440000)
INSERT INTO ChiTietSanPham(maSanPham, kichCo, mauSac, soLuong, giaNhap) VALUES ('VQ314810101222', 'S', 'xanh ngoc', 12, 440000)
INSERT INTO ChiTietSanPham(maSanPham, kichCo, mauSac, soLuong, giaNhap) VALUES ('VQ314810101222', 'M', 'xanh ngoc', 21, 440000)
INSERT INTO ChiTietSanPham(maSanPham, kichCo, mauSac, soLuong, giaNhap) VALUES ('VQ314810101222', 'XS', 'xanh ket', 13, 440000)
INSERT INTO ChiTietSanPham(maSanPham, kichCo, mauSac, soLuong, giaNhap) VALUES ('VQ314810101222', 'S', 'xanh ket', 13, 440000)
INSERT INTO ChiTietSanPham(maSanPham, kichCo, mauSac, soLuong, giaNhap) VALUES ('VQ314810101222', 'M', 'xanh ket', 6, 440000)
INSERT INTO ChiTietSanPham(maSanPham, kichCo, mauSac, soLuong, giaNhap) VALUES ('VQ314810101222', 'XS', 'vang', 17, 440000)
INSERT INTO ChiTietSanPham(maSanPham, kichCo, mauSac, soLuong, giaNhap) VALUES ('VQ314810101222', 'S', 'vang', 11, 440000)
INSERT INTO ChiTietSanPham(maSanPham, kichCo, mauSac, soLuong, giaNhap) VALUES ('VQ314810101222', 'M', 'vang', 13, 440000)
INSERT INTO ChiTietSanPham(maSanPham, kichCo, mauSac, soLuong, giaNhap) VALUES ('VQ314810101222', 'XS', 'xam den', 12, 440000)
INSERT INTO ChiTietSanPham(maSanPham, kichCo, mauSac, soLuong, giaNhap) VALUES ('VQ314810101222', 'S', 'xam den', 8, 440000)
INSERT INTO ChiTietSanPham(maSanPham, kichCo, mauSac, soLuong, giaNhap) VALUES ('VQ314810101222', 'M', 'xam den', 14, 440000)
INSERT INTO ChiTietSanPham(maSanPham, kichCo, mauSac, soLuong, giaNhap) VALUES ('JS324810101222', 'XS', 'xanh den', 18, 489000)
INSERT INTO ChiTietSanPham(maSanPham, kichCo, mauSac, soLuong, giaNhap) VALUES ('JS324810101222', 'S', 'xanh den', 11, 489000)
INSERT INTO ChiTietSanPham(maSanPham, kichCo, mauSac, soLuong, giaNhap) VALUES ('JS324810101222', 'M', 'xanh den', 16, 489000)
INSERT INTO ChiTietSanPham(maSanPham, kichCo, mauSac, soLuong, giaNhap) VALUES ('JS324810101222', 'XS', 'xanh ket', 8, 489000)
INSERT INTO ChiTietSanPham(maSanPham, kichCo, mauSac, soLuong, giaNhap) VALUES ('JS324810101222', 'S', 'xanh ket', 16, 489000)
INSERT INTO ChiTietSanPham(maSanPham, kichCo, mauSac, soLuong, giaNhap) VALUES ('JS324810101222', 'M', 'xanh ket', 16, 489000)
INSERT INTO ChiTietSanPham(maSanPham, kichCo, mauSac, soLuong, giaNhap) VALUES ('JS324810101222', 'XS', 'reu', 8, 489000)
INSERT INTO ChiTietSanPham(maSanPham, kichCo, mauSac, soLuong, giaNhap) VALUES ('JS324810101222', 'S', 'reu', 15, 489000)
INSERT INTO ChiTietSanPham(maSanPham, kichCo, mauSac, soLuong, giaNhap) VALUES ('JS324810101222', 'M', 'reu', 15, 489000)
INSERT INTO ChiTietSanPham(maSanPham, kichCo, mauSac, soLuong, giaNhap) VALUES ('DD334810101222', 'XS', 'cam', 14, 539000)
INSERT INTO ChiTietSanPham(maSanPham, kichCo, mauSac, soLuong, giaNhap) VALUES ('DD334810101222', 'S', 'cam', 12, 539000)
INSERT INTO ChiTietSanPham(maSanPham, kichCo, mauSac, soLuong, giaNhap) VALUES ('DD334810101222', 'XS', 'vang cuc', 11, 539000)
INSERT INTO ChiTietSanPham(maSanPham, kichCo, mauSac, soLuong, giaNhap) VALUES ('DD334810101222', 'S', 'vang cuc', 3, 539000)
INSERT INTO ChiTietSanPham(maSanPham, kichCo, mauSac, soLuong, giaNhap) VALUES ('DD334810101222', 'XS', 'hong', 16, 539000)
INSERT INTO ChiTietSanPham(maSanPham, kichCo, mauSac, soLuong, giaNhap) VALUES ('DD334810101222', 'S', 'hong', 12, 539000)
INSERT INTO ChiTietSanPham(maSanPham, kichCo, mauSac, soLuong, giaNhap) VALUES ('DD334810101222', 'XS', 'xam den', 14, 539000)
INSERT INTO ChiTietSanPham(maSanPham, kichCo, mauSac, soLuong, giaNhap) VALUES ('DD334810101222', 'S', 'xam den', 11, 539000)
INSERT INTO ChiTietSanPham(maSanPham, kichCo, mauSac, soLuong, giaNhap) VALUES ('DD334810101222', 'XS', 'vang chanh', 14, 539000)
INSERT INTO ChiTietSanPham(maSanPham, kichCo, mauSac, soLuong, giaNhap) VALUES ('DD334810101222', 'S', 'vang chanh', 13, 539000)
INSERT INTO ChiTietSanPham(maSanPham, kichCo, mauSac, soLuong, giaNhap) VALUES ('DD334810101222', 'XS', 'do tuoi', 13, 539000)
INSERT INTO ChiTietSanPham(maSanPham, kichCo, mauSac, soLuong, giaNhap) VALUES ('DD334810101222', 'S', 'do tuoi', 8, 539000)
INSERT INTO ChiTietSanPham(maSanPham, kichCo, mauSac, soLuong, giaNhap) VALUES ('DD334810101222', 'XS', 'reu', 3, 539000)
INSERT INTO ChiTietSanPham(maSanPham, kichCo, mauSac, soLuong, giaNhap) VALUES ('DD334810101222', 'S', 'reu', 13, 539000)
INSERT INTO ChiTietSanPham(maSanPham, kichCo, mauSac, soLuong, giaNhap) VALUES ('DD334810101222', 'XS', 'xanh la', 9, 539000)
INSERT INTO ChiTietSanPham(maSanPham, kichCo, mauSac, soLuong, giaNhap) VALUES ('DD334810101222', 'S', 'xanh la', 14, 539000)
INSERT INTO ChiTietSanPham(maSanPham, kichCo, mauSac, soLuong, giaNhap) VALUES ('DB344810101222', 'XS', 'vang cuc', 10, 539000)
INSERT INTO ChiTietSanPham(maSanPham, kichCo, mauSac, soLuong, giaNhap) VALUES ('DB344810101222', 'S', 'vang cuc', 17, 539000)
INSERT INTO ChiTietSanPham(maSanPham, kichCo, mauSac, soLuong, giaNhap) VALUES ('DB344810101222', 'XS', 'xanh bien', 11, 539000)
INSERT INTO ChiTietSanPham(maSanPham, kichCo, mauSac, soLuong, giaNhap) VALUES ('DB344810101222', 'S', 'xanh bien', 13, 539000)
INSERT INTO ChiTietSanPham(maSanPham, kichCo, mauSac, soLuong, giaNhap) VALUES ('DB344810101222', 'XS', 'reu', 15, 539000)
INSERT INTO ChiTietSanPham(maSanPham, kichCo, mauSac, soLuong, giaNhap) VALUES ('DB344810101222', 'S', 'reu', 15, 539000)
INSERT INTO ChiTietSanPham(maSanPham, kichCo, mauSac, soLuong, giaNhap) VALUES ('DB344810101222', 'XS', 'cam dam', 4, 539000)
INSERT INTO ChiTietSanPham(maSanPham, kichCo, mauSac, soLuong, giaNhap) VALUES ('DB344810101222', 'S', 'cam dam', 13, 539000)
INSERT INTO ChiTietSanPham(maSanPham, kichCo, mauSac, soLuong, giaNhap) VALUES ('DB344810101222', 'XS', 'da nhat', 12, 539000)
INSERT INTO ChiTietSanPham(maSanPham, kichCo, mauSac, soLuong, giaNhap) VALUES ('DB344810101222', 'S', 'da nhat', 19, 539000)
INSERT INTO ChiTietSanPham(maSanPham, kichCo, mauSac, soLuong, giaNhap) VALUES ('DB344810101222', 'XS', 'xanh den', 5, 539000)
INSERT INTO ChiTietSanPham(maSanPham, kichCo, mauSac, soLuong, giaNhap) VALUES ('DB344810101222', 'S', 'xanh den', 15, 539000)
INSERT INTO ChiTietSanPham(maSanPham, kichCo, mauSac, soLuong, giaNhap) VALUES ('DB344810101222', 'XS', 'den', 14, 539000)
INSERT INTO ChiTietSanPham(maSanPham, kichCo, mauSac, soLuong, giaNhap) VALUES ('DB344810101222', 'S', 'den', 7, 539000)
INSERT INTO ChiTietSanPham(maSanPham, kichCo, mauSac, soLuong, giaNhap) VALUES ('DB344810101222', 'XS', 'xanh ket', 12, 539000)
INSERT INTO ChiTietSanPham(maSanPham, kichCo, mauSac, soLuong, giaNhap) VALUES ('DB344810101222', 'S', 'xanh ket', 13, 539000)
